date, pm25, pm10, o3, no2
2020/1/2, 83, 32, 2, 17
2020/1/3, 82, 19, 8, 13
2020/1/4, 57, 13, 16, 11
2020/1/5, 39, 34, 4, 19
2020/1/6, 82, 37, 5, 22
2020/1/7, 91, 40, 3, 21
2020/1/8, 91, 43, 4, 28
2020/1/9, 83, 17, 23, 16
2020/1/10, 38, 23, 10, 14
2020/1/11, 65, 24, 6, 13
2020/1/12, 63, 36, 5, 24
2020/1/13, 80, 45, 10, 28
2020/1/14, 93, 44, 9, 29
2020/1/15, 112, 34, , 17
2020/1/16, 104, , , 
2019/10/1, 22, 7, 13, 8
2019/10/2, 18, 10, 23, 7
2019/10/3, 13, 15, 9, 12
2019/10/4, 28, 12, 12, 8
2019/10/5, 30, 7, 19, 5
2019/10/6, 17, 7, 25, 8
2019/10/7, 10, 17, 12, 11
2019/10/8, 30, 13, 19, 11
2019/10/9, 29, 14, 22, 10
2019/10/10, 33, 19, 14, 12
2019/10/11, 33, 20, 18, 12
2019/10/12, 40, 16, 27, 7
2019/10/13, 37, 28, 21, 13
2019/10/14, 53, 14, 19, 12
2019/10/15, 35, 11, 17, 10
2019/10/16, 25, 24, 12, 14
2019/10/17, 36, 11, 16, 10
2019/10/18, 24, 7, 19, 7
2019/10/19, 15, 11, 12, 6
2019/10/20, 23, 9, 16, 14
2019/10/21, 20, 11, 12, 7
2019/10/22, 22, 15, 7, 7
2019/10/23, 26, 16, 15, 11
2019/10/24, 33, 22, 14, 10
2019/10/25, 40, 22, 13, 9
2019/10/26, 40, 19, 10, 8
2019/10/27, 36, 24, 1, 13
2019/10/28, 57, 16, 9, 11
2019/10/29, 43, 15, 4, 7
2019/10/30, 31, 18, 1, 8
2019/10/31, 40, 8, 15, 5
2019/11/1, 14, 4, 23, 5
2019/11/2, 12, 3, 30, 1
2019/11/3, 5, 4, 24, 5
2019/11/4, 5, 5, 25, 7
2019/11/5, 10, 7, 21, 10
2019/11/6, 15, 9, 20, 10
2019/11/7, 25, 8, 22, 10
2019/11/8, 18, 16, 13, 10
2019/11/9, 41, 12, 17, 8
2019/11/10, 31, 14, 8, 9
2019/11/11, 48, 14, 15, 14
2019/11/12, 39, 18, 18, 14
2019/11/13, 45, 24, 4, 17
2019/11/14, 54, 12, 17, 11
2019/11/15, 32, 18, 17, 11
2019/11/16, 49, 15, 9, 9
2019/11/17, 48, 14, 9, 12
2019/11/18, 42, 18, 20, 12
2019/11/19, 45, 16, 11, 8
2019/11/20, 45, 21, 4, 11
2019/11/21, 58, 24, 5, 12
2019/11/22, 65, 30, , 14
2019/11/23, 71, 26, 6, 10
2019/11/24, 68, 32, 1, 12
2019/11/25, 77, 39, 2, 16
2019/11/26, 82, 16, 17, 11
2019/11/27, 37, 5, 22, 9
2019/11/28, 12, 6, 21, 13
2019/11/29, 14, 12, 11, 12
2019/11/30, 33, 12, 9, 9
2019/12/1, 40, 13, 12, 10
2019/12/2, 37, 17, 12, 8
2019/12/3, 50, 18, 11, 11
2019/12/4, 52, 30, 3, 15
2019/12/5, 76, 37, 2, 21
2019/12/6, 79, 31, 7, 18
2019/12/7, 77, 19, 13, 12
2019/12/8, 53, 9, 20, 10
2019/12/9, 18, 13, 19, 13
2019/12/10, 29, 22, 10, 19
2019/12/11, 51, 10, 24, 11
2019/12/12, 24, 6, 28, 10
2019/12/13, 17, 8, 26, 12
2019/12/14, 22, 10, 18, 10
2019/12/15, 30, 42, , 20
2019/12/16, 92, 33, 14, 23
2019/12/17, 62, 36, 7, 21
2019/12/18, 61, 39, 5, 17
2019/12/19, 57, 8, 24, 11
2019/12/20, 17, 7, 22, 10
2019/12/21, 16, 4, 27, 3
2019/12/22, 9, 6, 26, 9
2019/12/23, 14, 11, 14, 17
2019/12/24, 29, 12, 8, 12
2019/12/25, 33, 14, 4, 14
2019/12/26, 42, 8, 22, 10
2019/12/27, 27, 11, 13, 11
2019/12/28, 33, , , 
2019/7/1, 32, 13, 52, 8
2019/7/2, 29, 15, 43, 8
2019/7/3, 28, 21, 57, 9
2019/7/4, 50, 19, 54, 13
2019/7/5, 44, 15, 47, 9
2019/7/6, 33, 9, 56, 3
2019/7/7, 16, 16, 54, 8
2019/7/8, 31, 17, 42, 6
2019/7/9, 35, 16, 49, 5
2019/7/10, 20, 18, 40, 12
2019/7/11, 30, 17, 47, 11
2019/7/12, 28, 11, 41, 6
2019/7/13, 24, 9, 43, 3
2019/7/14, 17, 10, 37, 4
2019/7/15, 11, 15, 53, 7
2019/7/16, 27, 17, 53, 12
2019/7/17, 30, 19, 56, 11
2019/7/18, 32, 16, 46, 8
2019/7/19, 23, 18, 54, 8
2019/7/20, 38, 15, 47, 4
2019/7/21, 38, 18, 53, 9
2019/7/22, 39, 19, 66, 11
2019/7/23, 41, 28, 70, 15
2019/7/24, 51, 28, 67, 13
2019/7/25, 56, 14, 49, 8
2019/7/26, 34, 10, 42, 4
2019/7/27, 24, 3, 25, 3
2019/7/28, 7, 11, 38, 5
2019/7/29, 22, 12, 38, 7
2019/7/30, 17, 10, 34, 5
2019/7/31, 14, 14, 42, 8
2019/8/1, 18, 15, 47, 8
2019/8/2, 24, 12, 49, 4
2019/8/3, 18, 12, 49, 3
2019/8/4, 25, 16, 57, 9
2019/8/5, 23, 20, 51, 5
2019/8/6, 37, 9, 36, 5
2019/8/7, 20, 7, 36, 3
2019/8/8, 9, 12, 46, 6
2019/8/9, 21, 9, 37, 2
2019/8/10, 21, 9, 29, 1
2019/8/11, 10, 5, 29, 2
2019/8/12, 7, 7, 34, 4
2019/8/13, 9, 10, 37, 4
2019/8/14, 11, 7, 33, 2
2019/8/15, 9, 10, 36, 3
2019/8/16, 19, 8, 37, 6
2019/8/17, 11, 13, 42, 3
2019/8/18, 24, 8, 28, 3
2019/8/19, 16, 4, 28, 5
2019/8/20, 7, 7, 27, 4
2019/8/21, 7, 11, 29, 5
2019/8/22, 20, 15, 32, 4
2019/8/23, 35, 14, 41, 4
2019/8/24, 33, 10, 47, 3
2019/8/25, 23, 16, 46, 9
2019/8/26, 32, 16, 41, 9
2019/8/27, 38, 14, 33, 8
2019/8/28, 24, 19, 49, 8
2019/8/29, 40, 20, 48, 7
2019/8/30, 45, 15, 44, 7
2019/8/31, 39, 11, 40, 3
2019/9/1, 21, 9, 31, 3
2019/9/2, 14, 11, 36, 4
2019/9/3, 16, 16, 45, 11
2019/9/4, 29, 13, 24, 8
2019/9/5, 23, 9, 26, 3
2019/9/6, 13, 10, 34, 4
2019/9/7, 12, 6, 27, 2
2019/9/8, 8, 7, 30, 5
2019/9/9, 12, 11, 26, 8
2019/9/10, 18, 15, 35, 8
2019/9/11, 27, 16, 38, 9
2019/9/12, 28, 18, 39, 10
2019/9/13, 29, 15, 43, 8
2019/9/14, 37, 12, 42, 4
2019/9/15, 29, 21, 41, 12
2019/9/16, 33, 24, 41, 11
2019/9/17, 34, 13, 34, 4
2019/9/18, 22, 17, 31, 5
2019/9/19, 22, 19, 31, 9
2019/9/20, 20, 18, 37, 7
2019/9/21, 37, 13, 33, 3
2019/9/22, 29, 6, 29, 6
2019/9/23, 11, 12, 17, 7
2019/9/24, 17, 8, 21, 7
2019/9/25, 13, 4, 20, 5
2019/9/26, 7, 14, 28, 11
2019/9/27, 25, 8, 33, 6
2019/9/28, 15, 9, 32, 4
2019/9/29, 12, 8, 29, 6
2019/9/30, 15, 14, 20, 10
2019/4/1, 58, 31, 43, 13
2019/4/2, 53, 11, 34, 13
2019/4/3, 23, 11, 24, 17
2019/4/4, 35, 13, 32, 11
2019/4/5, 33, 14, 33, 8
2019/4/6, 39, 5, 33, 3
2019/4/7, 12, 8, 31, 7
2019/4/8, 18, 14, 36, 10
2019/4/9, 24, 17, 35, 9
2019/4/10, 28, 25, 27, 7
2019/4/11, 60, 34, 36, 8
2019/4/12, 81, 27, 34, 7
2019/4/13, 74, 15, 37, 4
2019/4/14, 46, 20, 30, 9
2019/4/15, 51, 19, 27, 12
2019/4/16, 41, 15, 34, 7
2019/4/17, 30, 23, 47, 10
2019/4/18, 38, 26, 55, 11
2019/4/19, 44, 16, 53, 9
2019/4/20, 36, 12, 37, 7
2019/4/21, 26, 28, 41, 5
2019/4/22, 38, 27, 41, 9
2019/4/23, 33, 15, 33, 8
2019/4/24, 20, 14, 34, 9
2019/4/25, 21, 5, 34, 5
2019/4/26, 9, 5, 27, 3
2019/4/27, 16, 5, 32, 2
2019/4/28, 10, 7, 31, 5
2019/4/29, 18, 12, 37, 7
2019/4/30, 22, 13, 43, 4
2019/5/1, 34, 17, 32, 11
2019/5/2, 40, 8, 37, 6
2019/5/3, 16, 8, 32, 5
2019/5/4, 18, 7, 33, 1
2019/5/5, 15, 11, 38, 5
2019/5/6, 27, 12, 39, 9
2019/5/7, 29, 10, 36, 4
2019/5/8, 22, 4, 30, 4
2019/5/9, 8, 7, 32, 5
2019/5/10, 11, 6, 30, 6
2019/5/11, 17, 11, 42, 1
2019/5/12, 16, 12, 36, 3
2019/5/13, 14, 18, 43, 5
2019/5/14, 25, 13, 39, 3
2019/5/15, 17, 17, 42, 7
2019/5/16, 33, 17, 36, 9
2019/5/17, 38, 15, 37, 5
2019/5/18, 48, 8, 24, 3
2019/5/19, 23, 7, 26, 6
2019/5/20, 20, 12, 44, 7
2019/5/21, 29, 13, 47, 9
2019/5/22, 28, 11, 50, 10
2019/5/23, 28, 15, 50, 12
2019/5/24, 31, 14, 37, 10
2019/5/25, 36, 8, 43, 3
2019/5/26, 20, 9, 36, 8
2019/5/27, 20, 3, 24, 7
2019/5/28, 7, 4, 36, 6
2019/5/29, 20, 9, 44, 5
2019/5/30, 15, 10, 41, 7
2019/5/31, 15, 8, 41, 6
2019/6/1, 16, 10, 47, 6
2019/6/2, 20, 15, 43, 11
2019/6/3, 29, 21, 47, 12
2019/6/4, 31, 22, 45, 10
2019/6/5, 22, 7, 33, 5
2019/6/6, 5, 17, 42, 8
2019/6/7, 21, 7, 41, 5
2019/6/8, 8, 8, 20, 7
2019/6/9, 15, 6, 22, 6
2019/6/10, 12, 6, 20, 9
2019/6/11, 11, 5, 34, 6
2019/6/12, 10, 11, 43, 11
2019/6/13, 17, 15, 35, 12
2019/6/14, 25, 8, 36, 5
2019/6/15, 14, 6, 40, 3
2019/6/16, 10, 11, 43, 7
2019/6/17, 17, 15, 21, 11
2019/6/18, 29, 20, 46, 10
2019/6/19, 37, 14, 38, 10
2019/6/20, 29, 10, 24, 9
2019/6/21, 16, 7, 30, 6
2019/6/22, 19, 9, 34, 4
2019/6/23, 15, 14, 44, 8
2019/6/24, 28, 24, 50, 11
2019/6/25, 44, 33, 59, 13
2019/6/26, 58, 42, 66, 14
2019/6/27, 65, 35, 75, 13
2019/6/28, 61, 20, 68, 7
2019/6/29, 42, 26, 64, 5
2019/6/30, 55, 19, 66, 8
2019/1/1, 75, 7, 24, 7
2019/1/2, 28, 8, 23, 5
2019/1/3, 27, 14, 18, 19
2019/1/4, 51, 20, 7, 18
2019/1/5, 77, 10, 15, 11
2019/1/6, 44, 8, 14, 9
2019/1/7, 32, 18, 13, 12
2019/1/8, 48, 11, 19, 13
2019/1/9, 26, 7, 20, 10
2019/1/10, 13, 14, 12, 14
2019/1/11, 28, 20, 9, 17
2019/1/12, 48, 14, 10, 16
2019/1/13, 37, 9, 18, 16
2019/1/14, 23, 21, 8, 20
2019/1/15, 46, 29, 3, 25
2019/1/16, 61, 20, 9, 24
2019/1/17, 78, 17, 15, 19
2019/1/19, 58, 24, 8, 18
2019/1/20, 64, 37, 10, 21
2019/1/21, 83, 38, 7, 17
2019/1/24, 49, 24, 16, 16
2019/1/25, 57, 34, 9, 24
2019/1/27, 14, 11, 22, 17
2019/1/28, 25, 15, 20, 15
2019/1/29, 43, 6, 27, 7
2019/1/30, 10, 9, 26, 14
2019/1/31, 24, 10, 18, 19
2019/2/1, 29, 13, 15, 17
2019/2/3, 21, 17, 19, 17
2019/2/4, 45, 26, 15, 21
2019/2/5, 63, 33, 7, 24
2019/2/6, 76, 33, 3, 29
2019/2/7, 77, 20, 12, 24
2019/2/8, 54, 19, 20, 22
2019/2/10, 21, 9, 25, 17
2019/2/11, 23, 19, 18, 19
2019/2/12, 44, 23, 16, 21
2019/2/13, 50, 32, 6, 25
2019/2/14, 63, 35, 9, 26
2019/2/15, 74, 28, 13, 22
2019/2/16, 63, 21, 17, 17
2019/2/17, 53, 28, 25, 19
2019/2/18, 67, 32, 21, 20
2019/2/19, 65, 37, 16, 20
2019/2/20, 74, 43, 17, 21
2019/2/21, 75, 35, 29, 16
2019/2/22, 57, 25, 19, 10
2019/2/23, 72, 22, 19, 11
2019/2/24, 63, 34, 16, 16
2019/2/25, 77, 41, 18, 19
2019/2/26, 81, 39, 20, 20
2019/2/27, 81, 33, 31, 17
2019/2/28, 67, 13, 23, 13
2019/3/1, 33, 11, 19, 8
2019/3/2, 36, 12, 18, 10
2019/3/3, 38, 13, 26, 13
2019/3/4, 28, 15, 30, 14
2019/3/5, 27, 23, 28, 17
2019/3/6, 36, 10, 30, 7
2019/3/7, 13, 22, 27, 15
2019/3/8, 48, 15, 21, 16
2019/3/9, 40, 7, 18, 4
2019/3/10, 21, 9, 28, 8
2019/3/11, 18, 13, 25, 11
2019/3/12, 28, 7, 31, 8
2019/3/13, 15, 6, 25, 7
2019/3/14, 15, 5, 21, 9
2019/3/15, 11, 8, 17, 9
2019/3/16, 24, 8, 33, 7
2019/3/17, 24, 8, 29, 9
2019/3/18, 30, 12, 29, 9
2019/3/19, 27, 17, 30, 12
2019/3/20, 40, 25, 29, 13
2019/3/21, 52, 28, 29, 18
2019/3/22, 56, 19, 35, 14
2019/3/23, 44, 16, 42, 9
2019/3/24, 49, 30, 35, 9
2019/3/25, 67, 10, 32, 4
2019/3/26, 16, 17, 30, 8
2019/3/27, 41, 22, 28, 10
2019/3/28, 44, 28, 34, 15
2019/3/29, 64, 25, 40, 15
2019/3/30, 59, 20, 43, 10
2019/3/31, 54, 28, 37, 15
2018/10/1, 32, 11, 28, 10
2018/10/2, 31, 13, 27, 10
2018/10/3, 30, 15, 19, 10
2018/10/4, 34, 23, 27, 16
2018/10/5, 42, 18, 37, 14
2018/10/6, 45, 11, 35, 7
2018/10/7, 28, 18, 21, 9
2018/10/8, 38, 26, 22, 12
2018/10/9, 55, 30, 13, 18
2018/10/10, 66, 21, 23, 15
2018/10/11, 53, 18, 23, 16
2018/10/12, 37, 15, 24, 14
2018/10/13, 41, 15, 23, 10
2018/10/14, 41, 29, 24, 22
2018/10/15, 55, 31, 31, 24
2018/10/16, 61, 33, 29, 26
2018/10/17, 66, 35, 28, 14
2018/10/18, 66, 39, 23, 8
2018/10/19, 81, 39, 19, 4
2018/10/20, 96, 32, 24, 4
2018/10/21, 84, 30, 22, 5
2018/10/22, 72, 33, 17, 14
2018/10/23, 64, 32, 20, 17
2018/10/24, 54, 29, 14, 11
2018/10/25, 44, 28, 15, 10
2018/10/26, 55, 13, 16, 9
2018/10/27, 35, 5, 12, 4
2018/10/28, 13, 8, 7, 9
2018/10/29, 27, 8, 12, 10
2018/10/30, 18, 19, 7, 19
2018/10/31, 44, 18, 13, 12
2018/11/1, 51, 14, 7, 13
2018/11/2, 35, 15, 10, 10
2018/11/3, 46, 21, 7, 9
2018/11/4, 65, 28, 4, 12
2018/11/5, 71, 22, 15, 22
2018/11/6, 56, 20, 3, 23
2018/11/7, 50, 11, 12, 
2018/11/8, 27, 23, 4, 
2018/11/9, 53, 21, 3, 
2018/11/10, 59, 14, 10, 
2018/11/11, 39, 21, 13, 17
2018/11/12, 47, 25, 9, 8
2018/11/13, 60, 18, 10, 12
2018/11/14, 45, 17, 8, 5
2018/11/15, 45, 14, 6, 5
2018/11/16, 45, 17, 7, 4
2018/11/17, 47, 20, 12, 5
2018/11/18, 64, 25, 12, 10
2018/11/19, 72, 22, 5, 13
2018/11/20, 67, 33, 2, 13
2018/11/21, 91, 30, 2, 15
2018/11/22, 80, 21, 1, 15
2018/11/23, 62, 13, 16, 9
2018/11/24, 36, 15, 5, 10
2018/11/25, 52, 21, 2, 12
2018/11/26, 65, 14, 6, 10
2018/11/27, 40, 31, 6, 16
2018/11/28, 68, 42, 1, 24
2018/11/29, 80, 35, 5, 26
2018/11/30, 78, 19, 8, 12
2018/12/1, 55, 12, 18, 13
2018/12/2, 39, 12, 13, 15
2018/12/3, 31, 15, 16, 16
2018/12/4, 32, 30, 2, 21
2018/12/5, 60, 20, 12, 17
2018/12/6, 52, 17, 17, 12
2018/12/7, 44, 7, 23, 6
2018/12/8, 13, 8, 26, 7
2018/12/9, 16, 8, 22, 17
2018/12/10, 21, 17, 13, 17
2018/12/11, 46, 32, 10, 22
2018/12/12, 70, 33, 9, 
2018/12/13, 74, 30, 6, 
2018/12/14, 75, 33, 8, 
2018/12/15, 91, 27, 2, 
2018/12/16, 80, 20, 11, 
2018/12/17, 48, 21, 7, 
2018/12/18, 67, 26, 11, 
2018/12/19, 79, 13, 14, 
2018/12/20, 50, 7, 18, 15
2018/12/21, 32, 6, 15, 11
2018/12/22, 25, 12, 1, 13
2018/12/23, 50, 5, 17, 10
2018/12/24, 24, 5, 18, 5
2018/12/25, 25, 12, 11, 9
2018/12/26, 52, 21, 2, 13
2018/12/27, 77, 23, 3, 13
2018/12/28, 77, 14, 5, 10
2018/12/29, 61, 15, 10, 9
2018/12/30, 60, , , 
2018/7/1, 42, 22, 51, 9
2018/7/2, 43, 15, 52, 10
2018/7/3, 32, 14, 46, 11
2018/7/4, 27, 11, 42, 5
2018/7/5, 24, 9, 38, 8
2018/7/6, 23, 12, 40, 5
2018/7/7, 30, 14, 49, 4
2018/7/8, 36, 16, 54, 6
2018/7/9, 43, 17, 47, 9
2018/7/10, 36, 15, 43, 5
2018/7/11, 28, 16, 43, 7
2018/7/12, 31, 18, 43, 10
2018/7/13, 37, 16, 47, 9
2018/7/14, 40, 10, 41, 5
2018/7/15, 27, 13, 45, 9
2018/7/16, 28, 18, 49, 8
2018/7/17, 38, 17, 43, 9
2018/7/18, 40, 14, 49, 10
2018/7/19, 36, 20, 48, 13
2018/7/20, 43, 8, 34, 6
2018/7/21, 18, 12, 42, 5
2018/7/22, 35, 18, 55, 6
2018/7/23, 47, 21, 51, 9
2018/7/24, 54, 23, 57, 10
2018/7/25, 56, 24, 74, 9
2018/7/26, 56, 19, 72, 11
2018/7/27, 47, 15, 44, 9
2018/7/28, 45, 13, 47, 6
2018/7/29, 37, 16, 62, 9
2018/7/30, 40, 21, 61, 9
2018/7/31, 47, 23, 61, 10
2018/8/1, 50, 18, 67, 7
2018/8/2, 44, 20, 76, 9
2018/8/3, 47, 20, 76, 7
2018/8/4, 52, 26, 77, 5
2018/8/5, 60, 16, 66, 5
2018/8/6, 32, 11, 60, 6
2018/8/7, 26, 16, 49, 4
2018/8/8, 48, 12, 33, 6
2018/8/9, 30, 7, 38, 5
2018/8/10, 12, 7, 41, 4
2018/8/11, 15, 8, 44, 4
2018/8/12, 19, 10, 40, 4
2018/8/13, 27, 6, 25, 4
2018/8/14, 10, 8, 41, 2
2018/8/15, 15, 11, 42, 6
2018/8/16, 24, 11, 39, 7
2018/8/17, 25, 9, 46, 3
2018/8/18, 23, 12, 50, 3
2018/8/19, 33, 13, 51, 7
2018/8/20, 32, 15, 61, 7
2018/8/21, 36, 11, 50, 9
2018/8/22, 23, 13, 48, 8
2018/8/23, 28, 9, 35, 3
2018/8/24, 22, 12, 28, 4
2018/8/25, 27, 5, 35, 2
2018/8/26, 15, 13, 34, 11
2018/8/27, 26, 16, 39, 11
2018/8/28, 29, 13, 38, 10
2018/8/29, 32, 12, 32, 4
2018/8/30, 30, 15, 34, 8
2018/8/31, 43, 10, 36, 3
2018/9/1, 29, 11, 36, 2
2018/9/2, 31, 15, 36, 8
2018/9/3, 32, 19, 44, 10
2018/9/4, 46, 20, 49, 13
2018/9/5, 40, 16, 28, 15
2018/9/6, 43, 12, 42, 7
2018/9/7, 34, 13, 42, 8
2018/9/8, 35, 15, 45, 6
2018/9/9, 39, 18, 49, 14
2018/9/10, 40, 22, 48, 19
2018/9/11, 47, 24, 52, 16
2018/9/12, 54, 22, 41, 13
2018/9/13, 51, 15, 35, 7
2018/9/14, 32, 11, 39, 7
2018/9/15, 25, 11, 42, 6
2018/9/16, 36, 22, 43, 14
2018/9/17, 51, 22, 42, 17
2018/9/18, 52, 25, 46, 16
2018/9/19, 50, 21, 46, 19
2018/9/20, 52, 21, 40, 18
2018/9/21, 48, 8, 33, 6
2018/9/22, 18, 10, 23, 8
2018/9/23, 25, 8, 28, 4
2018/9/24, 18, 13, 29, 8
2018/9/25, 29, 19, 34, 12
2018/9/26, 38, 24, 36, 16
2018/9/27, 49, 25, 50, 16
2018/9/28, 51, 20, 37, 5
2018/9/29, 52, , 40, 5
2018/9/30, 49, 7, 20, 9
2018/4/1, 18, 10, 31, 10
2018/4/2, 30, 28, 27, 20
2018/4/3, 47, 25, 35, 14
2018/4/4, 46, 8, 34, 9
2018/4/5, 15, 15, 28, 13
2018/4/6, 30, 20, 34, 14
2018/4/7, 45, 28, 34, 13
2018/4/8, 59, 25, 34, 12
2018/4/9, 51, 12, 40, 7
2018/4/10, 31, 18, 20, 14
2018/4/11, 40, 14, 38, 8
2018/4/12, 27, 10, 39, 9
2018/4/13, 24, 12, 39, 8
2018/4/14, 28, 17, 36, 6
2018/4/15, 35, 17, 35, 7
2018/4/16, 33, 20, 40, 9
2018/4/17, 41, 23, 45, 11
2018/4/18, 49, 25, 49, 12
2018/4/19, 44, 25, 52, 13
2018/4/20, 40, 21, 50, 14
2018/4/21, 46, 21, 49, 11
2018/4/22, 49, 30, 34, 13
2018/4/23, 53, 21, 40, 8
2018/4/24, 43, 32, 38, 10
2018/4/25, 57, 15, 34, 3
2018/4/26, 16, 21, 35, 9
2018/4/27, 36, 19, 36, 6
2018/4/28, 39, 25, 35, 5
2018/4/29, 55, 8, 31, 3
2018/4/30, 14, 7, 29, 2
2018/5/1, 18, 13, 22, 8
2018/5/2, 40, 17, 22, 5
2018/5/3, 51, 29, 28, 10
2018/5/4, 70, 25, 38, 7
2018/5/5, 68, 22, 41, 5
2018/5/6, 60, 26, 42, 7
2018/5/7, 58, 14, 40, 3
2018/5/8, 36, 15, 36, 6
2018/5/9, 41, 14, 20, 5
2018/5/10, 41, 14, 32, 6
2018/5/11, 39, 15, 34, 7
2018/5/12, 41, 7, 26, 2
2018/5/13, 20, 6, 23, 5
2018/5/14, 15, 7, 20, 6
2018/5/15, 19, 13, 29, 8
2018/5/16, 54, 15, 42, 5
2018/5/17, 44, 15, 39, 7
2018/5/18, 42, 18, 44, 6
2018/5/19, 53, 13, 40, 3
2018/5/20, 37, 8, 46, 2
2018/5/21, 24, 12, 41, 9
2018/5/22, 29, 8, 27, 7
2018/5/23, 23, 14, 42, 7
2018/5/24, 32, 16, 43, 10
2018/5/25, 42, 17, 39, 7
2018/5/26, 44, 17, 32, 4
2018/5/27, 33, 15, 29, 5
2018/5/28, 30, 11, 33, 4
2018/5/29, 23, 12, 30, 6
2018/5/30, 32, 13, 26, 6
2018/5/31, 40, 11, 35, 6
2018/6/1, 30, 9, 39, 5
2018/6/2, 22, 12, 36, 4
2018/6/3, 31, 10, 30, 6
2018/6/4, 23, 13, 36, 6
2018/6/5, 32, 11, 25, 8
2018/6/6, 29, 9, 35, 5
2018/6/7, 24, 8, 30, 5
2018/6/8, 15, 10, 37, 5
2018/6/9, 24, 19, 33, 4
2018/6/10, 38, 16, 32, 5
2018/6/11, 30, , 30, 5
2018/6/12, 15, 12, 28, 3
2018/6/13, 20, 13, 37, 5
2018/6/14, 33, 14, 44, 5
2018/6/15, 32, 13, 45, 5
2018/6/16, 39, 13, 28, 2
2018/6/17, 30, 11, 35, 3
2018/6/18, 21, 14, 38, 5
2018/6/19, 25, 15, 45, 7
2018/6/20, 30, 18, 45, 8
2018/6/21, 39, 21, 40, 2
2018/6/22, 31, 11, 41, 2
2018/6/23, 20, 11, 39, 2
2018/6/24, 22, 17, 42, 5
2018/6/25, 36, 13, 41, 5
2018/6/26, 25, 16, 42, 6
2018/6/27, 20, 19, 44, 4
2018/6/28, 27, 15, 46, 5
2018/6/29, 26, 16, 49, 8
2018/6/30, 40, 17, 48, 6
2018/1/1, 13, 9, 28, 9
2018/1/2, 21, 9, 27, 11
2018/1/3, 28, 8, 30, 11
2018/1/4, 24, 14, 16, 19
2018/1/5, 39, 14, 6, 13
2018/1/6, 42, 16, 6, 11
2018/1/7, 55, 26, 2, 14
2018/1/8, 70, 20, 8, 18
2018/1/9, 57, 28, 8, 23
2018/1/10, 74, 20, 16, 17
2018/1/11, 55, 31, 8, 17
2018/1/12, 81, 28, 9, 13
2018/1/13, 76, 34, 4, 13
2018/1/14, 93, 31, 23, 11
2018/1/15, 77, 5, 27, 8
2018/1/16, 15, 7, 30, 12
2018/1/17, 23, 7, 26, 5
2018/1/18, 20, 10, 26, 12
2018/1/19, 26, 7, 28, 9
2018/1/20, 21, 7, 28, 5
2018/1/21, 20, 9, 21, 11
2018/1/22, 28, 16, 19, 15
2018/1/23, 40, 28, 8, 19
2018/1/24, 65, 31, 10, 23
2018/1/25, 73, 20, 11, 19
2018/1/26, 55, 17, 10, 11
2018/1/27, 50, 11, 13, 7
2018/1/28, 41, 20, 8, 12
2018/1/29, 58, 15, 10, 11
2018/1/30, 41, 19, 18, 10
2018/1/31, 51, 9, 23, 13
2018/2/1, 25, 19, 20, 19
2018/2/2, 46, 17, 20, 15
2018/2/3, 47, 20, 16, 16
2018/2/4, 55, 22, 14, 14
2018/2/5, 64, 35, 7, 16
2018/2/6, 86, 13, 10, 9
2018/2/7, 38, 18, 4, 11
2018/2/8, 54, 29, 11, 14
2018/2/9, 74, 17, 19, 10
2018/2/10, 47, 16, 18, 13
2018/2/11, 50, 11, 27, 11
2018/2/12, 24, 18, 24, 14
2018/2/13, 46, 19, 23, 16
2018/2/14, 54, 25, 5, 25
2018/2/15, 70, 23, 2, 20
2018/2/16, 63, 14, 16, 12
2018/2/17, 39, 8, 18, 5
2018/2/18, 23, 19, 17, 11
2018/2/19, 54, 30, 1, 16
2018/2/20, 80, , , 
2018/2/22, 108, 41, 17, 10
2018/2/23, 102, 41, 16, 8
2018/2/24, 110, 30, 23, 6
2018/2/25, 81, 25, 27, 7
2018/2/26, 66, 31, 25, 10
2018/2/27, 85, 46, 18, 15
2018/2/28, 116, 35, 16, 21
2018/3/1, 94, 40, 12, 23
2018/3/2, 111, 28, 10, 25
2018/3/3, 77, 26, 22, 20
2018/3/4, 71, 17, 18, 15
2018/3/5, 49, 27, 6, 18
2018/3/6, 70, 14, 30, 15
2018/3/7, 38, 16, 29, 17
2018/3/8, 37, 21, 31, 19
2018/3/9, 43, 19, 19, 20
2018/3/10, 49, 14, 20, 13
2018/3/11, 42, 12, 27, 10
2018/3/12, 31, 8, 27, 9
2018/3/13, 16, 16, 26, 15
2018/3/14, 37, 17, 24, 20
2018/3/15, 47, 17, 31, 17
2018/3/16, 43, 4, 29, 8
2018/3/17, 18, 20, 25, 9
2018/3/18, 41, 8, 30, 8
2018/3/19, 34, , 31, 8
2018/3/20, 73, 15, 29, 7
2018/3/21, 50, 20, 33, 14
2018/3/22, 50, 18, 28, 12
2018/3/23, 42, 23, 15, 15
2018/3/24, 56, 20, 1, 14
2018/3/25, 53, 25, 33, 14
2018/3/26, 60, 26, 32, 12
2018/3/27, 67, 11, 26, 10
2018/3/28, 27, 4, 35, 9
2018/3/29, 14, 16, 22, 15
2018/3/30, 41, 8, 32, 8
2018/3/31, 24, 7, 35, 6
2017/10/1, 16, 14, 12, 10
2017/10/2, 30, 8, 15, 9
2017/10/3, 21, 15, 15, 9
2017/10/4, 27, 20, 19, 14
2017/10/5, 35, 12, 30, 9
2017/10/6, 26, 12, 26, 10
2017/10/7, 28, 11, 26, 7
2017/10/8, 28, 13, 24, 9
2017/10/9, 26, 19, 22, 12
2017/10/10, 35, 25, 17, 15
2017/10/11, 49, 30, 25, 16
2017/10/12, 61, 28, 20, 16
2017/10/13, 57, 22, 22, 17
2017/10/14, 53, 22, 25, 15
2017/10/15, 55, 33, 17, 21
2017/10/16, 61, 33, 18, 24
2017/10/17, 60, 32, 26, 22
2017/10/18, 61, 39, 14, 24
2017/10/19, 68, 43, 4, 26
2017/10/20, 75, 33, 28, 15
2017/10/21, 71, 8, 27, 4
2017/10/22, 16, 8, 22, 7
2017/10/23, 19, 21, 12, 12
2017/10/24, 40, 29, 7, 13
2017/10/25, 54, 34, 7, 16
2017/10/26, 58, 25, 25, 12
2017/10/27, 44, 17, 23, 9
2017/10/28, 33, 17, 20, 9
2017/10/29, 40, 15, 23, 7
2017/10/30, 33, 32, 13, 14
2017/10/31, 51, 30, 12, 12
2017/11/1, 67, 36, 18, 18
2017/11/2, 70, 36, 14, 16
2017/11/3, 65, 27, 5, 18
2017/11/4, 73, 8, 27, 7
2017/11/5, 24, 9, 27, 5
2017/11/6, 20, 17, 9, 11
2017/11/7, 47, 16, 6, 6
2017/11/8, 49, , , 
2017/11/12, 15, 8, 26, 7
2017/11/13, 14, 12, 18, 9
2017/11/14, 30, 22, 13, 11
2017/11/15, 60, 26, 6, 12
2017/11/16, 71, 27, 10, 12
2017/11/17, 74, 22, 16, 10
2017/11/18, 59, 19, 11, 11
2017/11/19, 59, 21, 9, 13
2017/11/20, 58, 32, 5, 18
2017/11/21, 76, 31, 3, 25
2017/11/22, 65, 37, 15, 20
2017/11/23, 79, 40, 10, 21
2017/11/24, 86, 13, 22, 11
2017/11/25, 34, 11, 22, 8
2017/11/26, 29, 25, 13, 15
2017/11/27, 58, 30, 11, 21
2017/11/28, 60, 14, 19, 13
2017/11/29, 44, 12, 18, 11
2017/11/30, 37, 13, 16, 18
2017/12/1, 37, 18, 15, 10
2017/12/2, 58, 20, 18, 8
2017/12/3, 63, 37, 8, 16
2017/12/4, 90, 39, 5, 16
2017/12/5, 96, 37, 3, 17
2017/12/6, 92, 35, 5, 21
2017/12/7, 81, 11, 27, 12
2017/12/8, 29, 10, 24, 11
2017/12/9, 30, 17, 23, 14
2017/12/10, 55, 12, 26, 12
2017/12/11, 35, 12, 20, 18
2017/12/12, 37, 15, 21, 15
2017/12/13, 45, 9, 26, 13
2017/12/14, 26, 9, 31, 10
2017/12/15, 20, 12, 20, 11
2017/12/16, 33, 16, 14, 12
2017/12/17, 48, 17, 11, 17
2017/12/18, 56, 19, 10, 17
2017/12/19, 59, 23, 7, 15
2017/12/20, 67, 25, 7, 14
2017/12/21, 71, 30, 2, 15
2017/12/22, 81, 18, 11, 9
2017/12/23, 57, 10, 16, 4
2017/12/24, 32, 16, 6, 9
2017/12/25, 54, 15, 15, 13
2017/12/26, 50, 9, 22, 11
2017/12/27, 30, 10, 23, 10
2017/12/28, 29, 15, 17, 14
2017/12/29, 46, 16, 20, 16
2017/12/30, 48, , , 
2017/7/1, 13, 9, 29, 4
2017/7/2, 21, 12, 35, 5
2017/7/3, 23, 12, 46, 8
2017/7/4, 26, 15, 55, 11
2017/7/5, 37, 21, 53, 11
2017/7/6, 45, 24, 52, 14
2017/7/7, 39, 23, 52, 10
2017/7/8, 49, 19, 30, 6
2017/7/9, 45, 16, 39, 8
2017/7/10, 41, 11, 34, 7
2017/7/11, 27, 14, 35, 8
2017/7/12, 31, 9, 35, 4
2017/7/13, 12, 10, 40, 2
2017/7/14, 19, 12, 40, 5
2017/7/15, 24, 10, 37, 3
2017/7/16, 20, 14, 46, 8
2017/7/17, 29, 22, 68, 10
2017/7/18, 47, 24, 57, 11
2017/7/19, 49, 11, 54, 4
2017/7/20, 24, 17, 43, 9
2017/7/21, 40, 15, 39, 8
2017/7/22, 36, 11, 36, 4
2017/7/23, 35, 8, 26, 6
2017/7/24, 21, 7, 28, 4
2017/7/25, 16, 8, 39, 6
2017/7/26, 18, 10, 27, 8
2017/7/27, 25, 9, 33, 6
2017/7/28, 19, 11, 27, 8
2017/7/29, 20, 12, 35, 6
2017/7/30, 25, 17, 30, 10
2017/7/31, 37, 23, 47, 11
2017/8/1, 51, 31, 47, 12
2017/8/2, 59, 34, 48, 13
2017/8/3, 55, 21, 43, 8
2017/8/4, 40, 9, 30, 6
2017/8/5, 19, 7, 37, 3
2017/8/6, 12, 12, 44, 6
2017/8/7, 19, 8, 30, 8
2017/8/8, 17, 9, 35, 4
2017/8/9, 17, 5, 33, 4
2017/8/10, 14, 5, 26, 5
2017/8/11, 10, 6, 41, 3
2017/8/12, 13, 8, 34, 3
2017/8/13, 20, 9, 34, 5
2017/8/14, 18, 10, 37, 5
2017/8/15, 26, 11, 42, 5
2017/8/16, 28, 15, 42, 7
2017/8/17, 35, 16, 37, 8
2017/8/18, 34, 7, 31, 3
2017/8/19, 12, 9, 36, 3
2017/8/20, 19, 12, 41, 7
2017/8/21, 22, 21, 38, 11
2017/8/22, 35, 18, 41, 13
2017/8/23, 36, 20, 30, 14
2017/8/24, 45, 18, 42, 10
2017/8/25, 47, 16, 45, 10
2017/8/26, 42, 17, 42, 9
2017/8/27, 40, 23, 37, 12
2017/8/28, 47, 29, 43, 13
2017/8/29, 53, 31, 38, 15
2017/8/30, 59, 8, 32, 7
2017/8/31, 17, 6, 22, 5
2017/9/1, 10, 7, 27, 5
2017/9/2, 13, 7, 37, 3
2017/9/3, 20, 12, 36, 10
2017/9/4, 31, 14, 32, 9
2017/9/5, 26, 13, 19, 11
2017/9/6, 34, , , 
2017/9/11, 17, 7, 26, 5
2017/9/12, 16, 12, 20, 10
2017/9/13, 24, 9, 29, 9
2017/9/14, 24, 11, 25, 9
2017/9/15, 29, 11, 27, 8
2017/9/16, 31, 8, 26, 6
2017/9/17, 24, 7, 25, 7
2017/9/18, 18, 10, 21, 11
2017/9/19, 29, 12, 29, 9
2017/9/20, 32, 16, 27, 11
2017/9/21, 33, 21, 31, 14
2017/9/22, 42, 19, 35, 11
2017/9/23, 48, 15, 34, 8
2017/9/24, 42, 20, 22, 13
2017/9/25, 44, 21, 28, 11
2017/9/26, 47, 21, 29, 12
2017/9/27, 48, 21, 32, 15
2017/9/28, 46, 23, 34, 15
2017/9/29, 49, 18, 27, 12
2017/9/30, 51, 7, 26, 5
2017/4/1, 32, 12, 31, 6
2017/4/2, 39, 24, 35, 10
2017/4/3, 58, 29, 42, 11
2017/4/4, 67, 25, 44, 10
2017/4/5, 48, 28, 37, 10
2017/4/6, 61, 29, 37, 11
2017/4/7, 56, 20, 40, 11
2017/4/8, 43, 18, 47, 9
2017/4/9, 43, 22, 44, 12
2017/4/10, 45, 24, 41, 9
2017/4/11, 49, 31, 44, 9
2017/4/12, 53, 25, 42, 11
2017/4/13, 46, 21, 38, 10
2017/4/14, 37, 15, 38, 8
2017/4/15, 34, 10, 34, 1
2017/4/16, 16, 11, 39, 4
2017/4/17, 29, 10, 41, 3
2017/4/18, 14, 11, 38, 3
2017/4/19, 18, 17, 36, 6
2017/4/20, 37, 20, 43, 9
2017/4/21, 41, 17, 49, 11
2017/4/22, 38, 14, 40, 4
2017/4/23, 36, 19, 44, 8
2017/4/24, 30, 20, 42, 6
2017/4/25, 45, 8, 32, 6
2017/4/26, 22, 8, 27, 6
2017/4/27, 24, 10, 32, 8
2017/4/28, 31, 15, 43, 8
2017/4/29, 42, 15, 45, 8
2017/4/30, 41, 5, 41, 4
2017/5/1, 11, 8, 27, 9
2017/5/2, 21, 8, 29, 7
2017/5/3, 19, 10, 29, 10
2017/5/4, 30, 13, 40, 9
2017/5/5, 32, 13, 28, 10
2017/5/6, 40, 5, 30, 5
2017/5/7, 14, 8, 32, 5
2017/5/8, 23, 9, 35, 6
2017/5/9, 24, 14, 38, 8
2017/5/10, 37, 13, 28, 10
2017/5/11, 37, 8, 36, 9
2017/5/12, 21, 9, 32, 6
2017/5/13, 23, 8, 35, 3
2017/5/14, 20, 13, 39, 8
2017/5/15, 28, 15, 46, 10
2017/5/16, 34, 18, 51, 11
2017/5/17, 42, 19, 45, 13
2017/5/18, 39, 6, 32, 5
2017/5/19, 16, 9, 33, 6
2017/5/20, 19, 8, 37, 5
2017/5/21, 23, 13, 44, 9
2017/5/22, 31, 21, 46, 12
2017/5/23, 44, 21, 47, 11
2017/5/24, 40, 12, 45, 4
2017/5/25, 26, 16, 53, 8
2017/5/26, 37, 21, 58, 7
2017/5/27, 55, 19, 52, 6
2017/5/28, 52, 21, 53, 10
2017/5/29, 42, 20, 58, 11
2017/5/30, 40, 18, 47, 8
2017/5/31, 44, 14, 45, 5
2017/6/1, 39, 12, 44, 7
2017/6/2, 26, 18, 38, 9
2017/6/3, 45, 7, 33, 2
2017/6/4, 12, 10, 32, 3
2017/6/5, 21, 11, 25, 9
2017/6/6, 30, 12, 32, 6
2017/6/7, 19, 13, 40, 9
2017/6/8, 28, 20, 47, 13
2017/6/9, 39, 14, 45, 8
2017/6/10, 36, 12, 49, 6
2017/6/11, 39, 20, 44, 10
2017/6/12, 48, 22, 48, 9
2017/6/13, 54, 16, 44, 8
2017/6/14, 41, 13, 29, 8
2017/6/15, 37, 17, 45, 8
2017/6/16, 42, 14, 46, 4
2017/6/17, 29, 13, 45, 4
2017/6/18, 31, 21, 62, 8
2017/6/19, 48, 23, 63, 11
2017/6/20, 51, 23, 67, 10
2017/6/21, 54, 26, 67, 12
2017/6/22, 58, 26, 56, 11
2017/6/23, 60, 22, 47, 4
2017/6/24, 55, 14, 37, 4
2017/6/25, 37, 13, 34, 8
2017/6/26, 31, 14, 45, 6
2017/6/27, 32, 9, 45, 6
2017/6/28, 20, 7, 28, 6
2017/6/29, 13, 8, 30, 4
2017/6/30, 11, 6, 24, 5
2017/1/2, 105, 27, 14, 14
2017/1/3, 69, 45, 1, 19
2017/1/4, 114, 22, 23, 14
2017/1/5, 57, 19, 21, 11
2017/1/6, 53, 37, 12, 18
2017/1/7, 94, 42, 12, 19
2017/1/8, 114, 21, 14, 16
2017/1/9, 65, 35, 9, 20
2017/1/10, 96, 42, 4, 27
2017/1/11, 114, 36, 13, 21
2017/1/12, 98, 9, 26, 11
2017/1/13, 22, 11, 26, 10
2017/1/14, 29, 27, 21, 19
2017/1/15, 79, 26, 26, 17
2017/1/16, 72, 17, 23, 10
2017/1/17, 50, 28, 19, 14
2017/1/18, 78, 34, 19, 15
2017/1/19, 89, 46, 13, 20
2017/1/20, 118, 45, 11, 21
2017/1/21, 121, 48, 7, 23
2017/1/22, 129, 52, 8, 22
2017/1/23, 134, 41, 15, 19
2017/1/24, 110, 52, 14, 16
2017/1/25, 137, 57, 11, 19
2017/1/26, 148, 64, 5, 30
2017/1/27, 155, 54, 5, 31
2017/1/28, 132, 41, 11, 25
2017/1/29, 107, 39, 1, 29
2017/1/30, 103, 29, 6, 24
2017/1/31, 80, 29, 8, 20
2017/2/1, 77, 41, 10, 21
2017/2/2, 91, 9, 32, 11
2017/2/3, 20, 11, 34, 12
2017/2/4, 34, 13, 29, 15
2017/2/5, 43, 10, 19, 15
2017/2/6, 28, 22, 4, 17
2017/2/7, 61, 17, 10, 15
2017/2/8, 50, 24, 11, 14
2017/2/9, 72, 31, 6, 15
2017/2/10, 85, 30, 13, 17
2017/2/11, 80, 33, 16, 15
2017/2/12, 83, 34, 8, 15
2017/2/13, 88, 42, 8, 15
2017/2/14, 95, 48, 10, 21
2017/2/15, 97, 40, 14, 20
2017/2/16, 83, 36, 18, 18
2017/2/17, 80, 22, 22, 13
2017/2/18, 59, 25, 26, 15
2017/2/19, 68, 35, 23, 21
2017/2/20, 81, 38, 9, 21
2017/2/21, 89, 24, 22, 12
2017/2/22, 58, 36, 15, 20
2017/2/23, 73, 11, 30, 7
2017/2/24, 26, 17, 27, 13
2017/2/25, 50, 27, 28, 18
2017/2/26, 71, 30, 35, 15
2017/2/27, 68, 7, 35, 7
2017/2/28, 17, 6, 31, 6
2017/3/1, 19, 10, 29, 12
2017/3/2, 23, 30, 13, 20
2017/3/3, 61, 19, 32, 14
2017/3/4, 46, 4, 32, 4
2017/3/5, 12, 7, 33, 7
2017/3/6, 18, 6, 28, 11
2017/3/7, 18, 20, 10, 20
2017/3/8, 54, 18, 24, 9
2017/3/9, 39, 16, 30, 10
2017/3/10, 42, 21, 26, 14
2017/3/11, 53, 21, 29, 13
2017/3/12, 58, 29, 33, 14
2017/3/13, 68, 31, 30, 16
2017/3/14, 66, 38, 30, 19
2017/3/15, 80, 42, 34, 18
2017/3/16, 92, 35, 42, 19
2017/3/17, 76, 27, 28, 16
2017/3/18, 79, 20, 26, 9
2017/3/19, 59, 11, 25, 9
2017/3/20, 27, 14, 29, 10
2017/3/21, 37, 8, 31, 7
2017/3/22, 19, 14, 25, 11
2017/3/23, 37, 28, 20, 15
2017/3/24, 46, 24, 38, 8
2017/3/25, 57, 8, 42, 4
2017/3/26, 13, 24, 35, 11
2017/3/27, 40, 27, 41, 13
2017/3/28, 53, 26, 41, 13
2017/3/29, 44, 27, 42, 16
2017/3/30, 50, 27, 47, 14
2017/3/31, 51, 13, 39, 7
2020/1/1, , 30, 2, 16
2018/12/31, , 21, 11, 10
2019/1/18, , 21, 9, 18
2019/1/22, , 32, 10, 23
2019/1/23, , 17, 16, 14
2019/1/26, , 13, 24, 11
2019/2/2, , 6, 17, 10
2019/2/9, , 9, 27, 10
2017/12/31, , 6, 31, 4
2018/2/21, , 42, 16, 11
2017/11/11, , 8, 26, 7
2017/9/10, , 9, 25, 8
2017/1/1, , 43, 2, 22