date, pm25, pm10, o3
2020/1/2, 47, 10, 
2020/1/3, 31, 8, 
2020/1/4, 21, 8, 
2020/1/5, 26, 12, 
2020/1/6, 34, 11, 
2020/1/7, 30, 10, 
2020/1/8, 23, 14, 
2020/1/9, 37, 14, 
2020/1/10, 33, 11, 
2020/1/11, 24, 9, 
2020/1/12, 22, 12, 
2020/1/13, 31, 7, 
2020/1/14, 17, , 
2019/10/1, 56, 23, 49
2019/10/2, 63, 22, 49
2019/10/3, 60, 19, 47
2019/10/4, 49, 17, 30
2019/10/5, 40, 14, 22
2019/10/6, 30, 17, 32
2019/10/7, 32, 12, 29
2019/10/8, 27, 10, 21
2019/10/9, 23, 14, 29
2019/10/10, 32, 16, 37
2019/10/11, 38, 16, 36
2019/10/12, 41, 11, 13
2019/10/13, 25, 11, 33
2019/10/14, 26, 17, 20
2019/10/15, 42, 9, 27
2019/10/16, 21, 9, 27
2019/10/17, 20, 11, 29
2019/10/18, 27, 9, 26
2019/10/19, 25, 6, 22
2019/10/20, 15, 13, 18
2019/10/21, 34, 13, 27
2019/10/22, 23, 13, 29
2019/10/23, 26, 12, 32
2019/10/24, 28, 14, 27
2019/10/25, 32, 12, 20
2019/10/26, 28, 10, 25
2019/10/27, 25, 14, 25
2019/10/28, 37, 16, 23
2019/10/29, 46, 9, 10
2019/10/30, 22, 8, 15
2019/10/31, 18, 10, 23
2019/11/1, 30, 12, 27
2019/11/2, 37, 14, 31
2019/11/3, 34, 13, 25
2019/11/4, 37, 16, 21
2019/11/5, 42, 20, 
2019/11/6, 54, 19, 
2019/11/7, 52, 10, 
2019/11/8, 29, 20, 
2019/11/9, 51, 25, 
2019/11/10, 67, 24, 
2019/11/11, 62, 8, 
2019/11/12, 22, 11, 
2019/11/13, 31, 16, 
2019/11/14, 48, 13, 
2019/11/15, 45, 14, 
2019/11/16, 41, 12, 
2019/11/17, 34, 14, 
2019/11/18, 39, 20, 
2019/11/19, 49, 14, 
2019/11/20, 36, 20, 
2019/11/21, 60, 28, 
2019/11/22, 69, 15, 
2019/11/23, 44, 6, 
2019/11/24, 18, 21, 
2019/11/25, 52, 26, 
2019/11/26, 65, 16, 
2019/11/27, 34, 7, 
2019/11/28, 17, 12, 
2019/11/29, 33, 26, 
2019/11/30, 65, 11, 
2019/12/1, 21, 5, 
2019/12/2, 11, 8, 
2019/12/3, 26, 12, 
2019/12/4, 32, 13, 
2019/12/5, 26, 33, 
2019/12/6, 72, 29, 
2019/12/7, 72, 14, 
2019/12/8, 43, 28, 
2019/12/9, 57, 12, 
2019/12/10, 28, 9, 
2019/12/11, 22, 9, 
2019/12/12, 25, 6, 
2019/12/13, 21, 8, 
2019/12/14, 27, 19, 
2019/12/15, 59, 16, 
2019/12/16, 49, 7, 
2019/12/17, 19, 7, 
2019/12/18, 22, 12, 
2019/12/19, 34, 17, 
2019/12/20, 50, 20, 
2019/12/21, 60, 13, 2
2019/12/22, 40, 1, 
2019/12/23, 2, 4, 
2019/12/24, 10, 15, 
2019/12/25, 39, 22, 
2019/12/26, 59, 24, 
2019/12/27, 61, 23, 
2019/12/28, 57, , 
2019/7/1, 47, 17, 41
2019/7/2, 52, 20, 37
2019/7/3, 47, 25, 35
2019/7/4, 52, 20, 37
2019/7/5, 43, 22, 28
2019/7/6, 27, 21, 32
2019/7/7, 31, 13, 36
2019/7/8, 31, 13, 31
2019/7/9, 36, 16, 33
2019/7/10, 40, 13, 29
2019/7/11, 32, 12, 38
2019/7/12, 19, 14, 20
2019/7/13, 27, 23, 22
2019/7/14, 28, 32, 39
2019/7/15, 34, 38, 35
2019/7/17, 55, 16, 31
2019/7/18, 29, 14, 26
2019/7/19, 31, 14, 31
2019/7/21, 38, 10, 30
2019/7/22, 21, 8, 16
2019/7/23, 25, 12, 36
2019/7/25, 41, 15, 46
2019/7/26, 44, 18, 45
2019/7/27, 52, 20, 54
2019/7/28, 59, 21, 53
2019/7/29, 59, 21, 52
2019/7/30, 58, 19, 60
2019/7/31, 56, 17, 39
2019/8/1, 54, 13, 30
2019/8/2, 32, 13, 34
2019/8/3, 39, 12, 34
2019/8/5, 30, 14, 44
2019/8/6, 44, 17, 41
2019/8/8, 32, 15, 42
2019/8/9, 39, 15, 36
2019/8/11, 46, 20, 36
2019/8/15, 28, 10, 44
2019/8/16, 29, 12, 50
2019/8/17, 44, 20, 47
2019/8/19, 28, 10, 42
2019/8/20, 21, 17, 39
2019/8/21, 23, 24, 38
2019/8/22, 45, 11, 32
2019/8/23, 22, 15, 33
2019/8/25, 23, 10, 22
2019/8/26, 24, 10, 18
2019/8/27, 26, 12, 32
2019/8/28, 24, 13, 46
2019/8/30, 32, 15, 39
2019/9/1, 40, 14, 34
2019/9/2, 37, 16, 42
2019/9/3, 43, 16, 38
2019/9/4, 47, 17, 39
2019/9/5, 40, 14, 40
2019/9/6, 33, 19, 43
2019/9/7, 50, 15, 56
2019/9/8, 44, 18, 65
2019/9/9, 46, 22, 43
2019/9/10, 59, 19, 47
2019/9/11, 54, 21, 50
2019/9/12, 59, 21, 58
2019/9/14, 51, 14, 38
2019/9/15, 45, 16, 41
2019/9/16, 54, 20, 44
2019/9/17, 58, 18, 29
2019/9/20, 38, 16, 35
2019/9/21, 34, 14, 36
2019/9/22, 32, 16, 37
2019/9/23, 31, 16, 38
2019/9/24, 39, 17, 47
2019/9/25, 43, 17, 38
2019/9/26, 46, 16, 45
2019/9/27, 47, 21, 36
2019/9/28, 55, 18, 34
2019/9/29, 53, 19, 45
2019/9/30, 53, 20, 45
2019/4/1, 28, 18, 44
2019/4/2, 47, 24, 46
2019/4/3, 59, 27, 44
2019/4/4, 67, 19, 33
2019/4/5, 56, , 33
2019/4/9, 32, 17, 41
2019/4/10, 42, 19, 36
2019/4/11, 50, 18, 35
2019/4/12, 45, 23, 31
2019/4/13, 61, 20, 31
2019/4/14, 43, 10, 40
2019/4/15, 24, 21, 43
2019/4/16, 52, 32, 58
2019/4/17, 74, 23, 41
2019/4/18, 57, 10, 30
2019/4/19, 20, 6, 26
2019/4/20, 14, 12, 39
2019/4/21, 31, 15, 44
2019/4/22, 37, 24, 45
2019/4/23, 59, 26, 46
2019/4/24, 64, 24, 33
2019/4/25, 57, 15, 45
2019/4/26, 35, 18, 55
2019/4/27, 40, 23, 44
2019/4/28, 59, 33, 44
2019/4/29, 78, 32, 45
2019/4/30, 74, 25, 27
2019/5/1, 58, 20, 35
2019/5/2, 53, , 32
2019/5/7, 35, 19, 33
2019/5/8, 36, 12, 32
2019/5/9, 23, 17, 39
2019/5/10, 31, 13, 25
2019/5/11, 33, 12, 28
2019/5/12, 21, 10, 34
2019/5/13, 20, 10, 37
2019/5/14, 22, 12, 49
2019/5/15, 38, 17, 49
2019/5/16, 50, 19, 47
2019/5/17, 53, 20, 57
2019/5/18, 57, 20, 44
2019/5/19, 58, 18, 40
2019/5/20, 46, 17, 50
2019/5/21, 40, 19, 46
2019/5/22, 48, 18, 42
2019/5/23, 47, 19, 44
2019/5/24, 51, 19, 
2019/5/25, 53, 20, 26
2019/5/26, 57, 19, 
2019/5/27, 54, 26, 43
2019/5/28, 54, 22, 25
2019/5/29, 56, 20, 44
2019/5/30, 51, 16, 42
2019/5/31, 40, 17, 51
2019/6/1, 45, 18, 44
2019/6/2, 50, 20, 48
2019/6/3, 54, 24, 48
2019/6/4, 54, 27, 38
2019/6/5, 63, 16, 27
2019/6/6, 42, 11, 26
2019/6/7, 23, 8, 28
2019/6/8, 15, 8, 24
2019/6/9, 16, 11, 26
2019/6/10, 22, 17, 35
2019/6/11, 42, 10, 32
2019/6/14, 32, 16, 42
2019/6/15, 48, 15, 36
2019/6/16, 46, 14, 37
2019/6/17, 33, 11, 23
2019/6/18, 26, 12, 34
2019/6/19, 35, 12, 37
2019/6/20, 31, 12, 46
2019/6/21, 37, 17, 31
2019/6/22, 34, 15, 29
2019/6/23, 29, 31, 22
2019/6/24, 35, 15, 39
2019/6/25, 30, 15, 38
2019/6/26, 38, 17, 39
2019/6/27, 45, 15, 40
2019/6/28, 38, 14, 35
2019/6/29, 35, 14, 36
2019/6/30, 39, 16, 41
2019/1/1, 35, 14, 
2019/1/2, 38, 12, 
2019/1/3, 28, 7, 
2019/1/4, 17, 8, 
2019/1/5, 20, 10, 
2019/1/6, 26, 19, 
2019/1/7, 47, 17, 
2019/1/8, 48, 8, 
2019/1/9, 14, 12, 
2019/1/10, 36, 15, 
2019/1/11, 45, 17, 
2019/1/12, 54, 16, 
2019/1/13, 49, 9, 
2019/1/14, 28, 10, 
2019/1/15, 32, 14, 
2019/1/16, 51, 23, 
2019/1/17, 64, 30, 
2019/1/18, 73, 15, 
2019/1/19, 44, 7, 
2019/1/20, 20, 9, 
2019/1/21, 22, 11, 
2019/1/22, 29, 17, 
2019/1/23, 42, 10, 
2019/1/24, 32, 13, 
2019/1/25, 46, 21, 
2019/1/26, 55, 29, 
2019/1/27, 74, 26, 
2019/1/28, 66, 15, 
2019/1/29, 48, 14, 
2019/1/30, 34, 17, 
2019/1/31, 40, 28, 
2019/2/1, 56, 27, 
2019/2/2, 66, 26, 
2019/2/3, 68, 30, 
2019/2/4, 71, 23, 
2019/2/5, 59, 17, 
2019/2/6, 50, 17, 
2019/2/7, 48, 9, 
2019/2/8, 22, 12, 
2019/2/9, 31, 18, 
2019/2/10, 53, 17, 
2019/2/11, 53, 11, 
2019/2/12, 29, 7, 
2019/2/13, 16, 14, 
2019/2/14, 34, 22, 
2019/2/15, 57, 10, 
2019/2/16, 29, 11, 
2019/2/17, 34, 9, 20
2019/2/18, 24, 9, 21
2019/2/19, 30, 6, 18
2019/2/20, 18, 20, 9
2019/2/21, 46, 12, 24
2019/2/22, 33, 6, 20
2019/2/23, 17, 10, 33
2019/2/24, 17, 11, 34
2019/2/25, 24, 20, 32
2019/2/26, 48, 31, 23
2019/2/27, 74, 23, 10
2019/2/28, 60, 15, 18
2019/3/1, 42, 14, 24
2019/3/2, 41, 14, 19
2019/3/3, 41, 14, 31
2019/3/4, 46, 10, 35
2019/3/5, 28, 12, 36
2019/3/6, 32, 18, 33
2019/3/7, 43, 43, 35
2019/3/8, 110, 34, 25
2019/3/9, 90, 16, 31
2019/3/10, 44, 13, 26
2019/3/11, 31, 13, 39
2019/3/12, 36, , 43
2019/3/14, 38, 12, 32
2019/3/15, 25, 9, 35
2019/3/16, 23, 9, 40
2019/3/17, 23, 12, 39
2019/3/18, 30, 18, 42
2019/3/19, 50, 29, 47
2019/3/20, 74, 29, 40
2019/3/21, 70, 16, 42
2019/3/22, 47, 19, 47
2019/3/23, 46, 35, 49
2019/3/24, 83, 30, 32
2019/3/25, 73, 17, 31
2019/3/26, 51, 17, 39
2019/3/27, 47, 23, 45
2019/3/28, 57, 33, 44
2019/3/29, 73, 33, 40
2019/3/30, 69, 10, 34
2019/3/31, 22, 12, 40
2018/10/1, 40, 18, 40
2018/10/2, 46, 21, 38
2018/10/3, 54, 22, 35
2018/10/4, 58, 18, 37
2018/10/5, 52, 21, 41
2018/10/6, 59, 18, 28
2018/10/7, 54, 16, 24
2018/10/8, 43, 15, 23
2018/10/9, 31, 9, 13
2018/10/10, 21, 9, 28
2018/10/11, 21, 10, 28
2018/10/12, 28, 10, 31
2018/10/13, 24, 15, 30
2018/10/14, 42, 18, 24
2018/10/15, 49, 18, 23
2018/10/16, 50, 9, 22
2018/10/17, 19, 13, 30
2018/10/18, 26, 20, 29
2018/10/19, 42, 20, 23
2018/10/20, 49, 15, 29
2018/10/21, 20, 18, 26
2018/10/22, 30, 15, 31
2018/10/23, 34, 20, 35
2018/10/24, 42, 21, 24
2018/10/25, 48, 7, 19
2018/10/26, 15, 9, 21
2018/10/27, 24, 15, 29
2018/10/28, 44, 12, 29
2018/10/29, 25, 14, 27
2018/10/30, 34, 25, 33
2018/10/31, 63, 13, 24
2018/11/1, 31, 11, 18
2018/11/2, 27, 14, 25
2018/11/3, 39, 13, 24
2018/11/4, 40, 13, 13
2018/11/5, 40, 13, 17
2018/11/6, 28, 21, 19
2018/11/7, 47, , 18
2018/11/22, 51, 18, 
2018/11/23, 58, 11, 
2018/11/24, 33, 15, 
2018/11/25, 52, 12, 
2018/11/26, 33, 11, 
2018/11/27, 35, 14, 
2018/11/28, 43, 25, 
2018/11/29, 62, 21, 
2018/11/30, 53, 14, 
2018/12/1, 40, 27, 
2018/12/2, 47, 22, 
2018/12/3, 41, 9, 
2018/12/4, 25, 9, 
2018/12/5, 29, 14, 
2018/12/6, 41, 26, 
2018/12/7, 69, 30, 
2018/12/8, 78, , 
2018/12/10, 19, 13, 
2018/12/11, 41, 21, 
2018/12/12, 55, 27, 
2018/12/13, 67, 10, 
2018/12/14, 29, 11, 
2018/12/15, 34, 8, 
2018/12/16, 24, 9, 
2018/12/17, 23, 14, 
2018/12/18, 32, 23, 
2018/12/19, 60, 14, 
2018/12/20, 41, 7, 
2018/12/21, 17, 12, 
2018/12/22, 40, 23, 
2018/12/23, 58, 11, 
2018/12/24, 34, 25, 
2018/12/25, 68, 24, 
2018/12/26, 66, 15, 
2018/12/27, 43, 10, 
2018/12/28, 21, 14, 
2018/12/29, 40, 12, 
2018/12/30, 36, , 
2018/7/1, 28, , 26
2018/7/2, 26, , 27
2018/7/3, 32, , 31
2018/7/4, 52, , 20
2018/7/5, 37, , 29
2018/7/6, 32, , 31
2018/7/7, 34, , 38
2018/7/8, 36, , 47
2018/7/9, 36, , 41
2018/7/10, 46, , 54
2018/7/11, 52, , 42
2018/7/12, 56, , 39
2018/7/13, 52, , 31
2018/7/14, 50, , 30
2018/7/15, 48, , 36
2018/7/16, 37, , 45
2018/7/17, 41, , 41
2018/7/18, 40, , 35
2018/7/19, 46, , 37
2018/7/20, 44, , 40
2018/7/21, 35, , 37
2018/7/22, 41, , 35
2018/7/23, 38, , 36
2018/7/24, 41, , 39
2018/7/25, 40, , 43
2018/7/26, 48, , 48
2018/7/27, 64, , 38
2018/7/28, 50, , 50
2018/7/29, 51, , 34
2018/7/30, 52, , 30
2018/7/31, 42, , 16
2018/8/1, 25, , 17
2018/8/2, 17, , 38
2018/8/3, 24, , 25
2018/8/4, 31, , 22
2018/8/5, 33, , 27
2018/8/6, 37, , 35
2018/8/7, 33, , 39
2018/8/8, 41, , 31
2018/8/9, 34, , 32
2018/8/10, 41, , 28
2018/8/11, 34, , 33
2018/8/12, 49, , 37
2018/8/13, 62, , 44
2018/8/14, 59, , 53
2018/8/15, 64, , 56
2018/8/16, 64, , 24
2018/8/17, 27, , 24
2018/8/18, 31, , 27
2018/8/19, 44, , 24
2018/8/20, 37, , 26
2018/8/21, 42, , 33
2018/8/22, 46, , 39
2018/8/23, 72, , 39
2018/8/24, 58, , 43
2018/8/25, 57, , 38
2018/8/26, 60, , 33
2018/8/27, 55, , 33
2018/8/28, 53, , 37
2018/8/29, 45, , 33
2018/8/30, 17, , 31
2018/8/31, 22, , 21
2018/9/1, 29, , 16
2018/9/2, 23, , 19
2018/9/3, 25, 15, 23
2018/9/4, 36, 13, 21
2018/9/5, 31, 14, 21
2018/9/6, 34, 15, 37
2018/9/7, 39, 14, 28
2018/9/8, 38, 14, 25
2018/9/9, 39, 16, 28
2018/9/10, 39, 14, 29
2018/9/11, 34, 14, 30
2018/9/12, 36, 12, 28
2018/9/13, 32, 10, 25
2018/9/14, 22, 7, 18
2018/9/15, 13, 6, 12
2018/9/16, 12, 9, 28
2018/9/17, 15, 9, 27
2018/9/18, 19, 15, 42
2018/9/19, 38, 20, 44
2018/9/20, 53, 18, 34
2018/9/21, 46, 20, 36
2018/9/22, 54, 18, 30
2018/9/23, 51, 16, 21
2018/9/24, 40, 16, 19
2018/9/25, 43, 13, 24
2018/9/26, 32, 14, 14
2018/9/27, 30, 14, 22
2018/9/28, 30, 18, 31
2018/9/29, 42, 11, 16
2018/9/30, 30, 16, 32
2018/4/1, 43, , 41
2018/4/2, 51, , 22
2018/4/3, 79, , 18
2018/4/4, 22, , 28
2018/4/5, 33, , 20
2018/4/6, 64, , 4
2018/4/7, 44, , 4
2018/4/8, 25, , 5
2018/4/9, 37, , 14
2018/4/10, 38, , 37
2018/4/11, 28, , 46
2018/4/12, 47, , 42
2018/4/13, 59, , 37
2018/4/14, 51, , 30
2018/4/15, 33, , 33
2018/4/16, 25, , 45
2018/4/17, 32, , 45
2018/4/18, 31, , 36
2018/4/19, 35, , 44
2018/4/20, 26, , 47
2018/4/21, 41, , 34
2018/4/22, 31, , 30
2018/4/23, 9, , 32
2018/4/24, 22, , 29
2018/4/25, 21, , 21
2018/4/26, 27, , 46
2018/4/27, 32, , 47
2018/4/28, 41, , 43
2018/4/29, 23, , 47
2018/4/30, 38, , 55
2018/5/1, 56, , 52
2018/5/2, 57, , 47
2018/5/3, 48, , 46
2018/5/4, 56, , 38
2018/5/5, 63, , 44
2018/5/6, 35, , 46
2018/5/7, 35, , 38
2018/5/8, 43, , 52
2018/5/9, 50, , 49
2018/5/10, 53, , 54
2018/5/11, 57, , 52
2018/5/12, 85, , 42
2018/5/14, 68, , 23
2018/5/15, 15, , 18
2018/5/16, 14, , 22
2018/5/17, 23, , 36
2018/5/18, 35, , 44
2018/5/19, 51, , 37
2018/5/20, 44, , 28
2018/5/21, 25, , 24
2018/5/22, 27, , 23
2018/5/23, 14, , 29
2018/5/24, 24, , 24
2018/5/25, 21, , 29
2018/5/26, 33, , 19
2018/5/27, 32, , 18
2018/5/28, 10, , 17
2018/5/29, 17, , 30
2018/5/30, 27, , 40
2018/5/31, 42, , 33
2018/6/1, 28, , 33
2018/6/2, 40, , 41
2018/6/3, 51, , 45
2018/6/4, 31, , 50
2018/6/5, 32, , 46
2018/6/6, 38, , 53
2018/6/7, 53, , 39
2018/6/8, 63, , 49
2018/6/9, 64, , 45
2018/6/10, 62, , 33
2018/6/11, 53, , 25
2018/6/12, 36, , 32
2018/6/13, 44, , 29
2018/6/14, 36, , 42
2018/6/15, 46, , 36
2018/6/16, 50, , 34
2018/6/17, 38, , 37
2018/6/18, 44, , 33
2018/6/19, 50, , 25
2018/6/20, 61, , 27
2018/6/21, 56, , 39
2018/6/22, 34, , 31
2018/6/23, 37, , 23
2018/6/24, 44, , 23
2018/6/25, 36, , 40
2018/6/26, 32, , 33
2018/6/27, 25, , 26
2018/6/28, 22, , 34
2018/6/29, 33, , 32
2018/6/30, 39, , 24
2018/1/1, 44, , 
2018/1/2, 46, , 
2018/1/3, 43, , 
2018/1/4, 44, , 
2018/1/5, 45, , 
2018/1/6, 34, , 
2018/1/7, 49, , 
2018/1/8, 50, , 
2018/1/9, 43, , 
2018/1/10, 35, , 
2018/1/11, 35, , 
2018/1/23, 19, , 
2018/1/24, 21, , 
2018/1/25, 33, , 
2018/1/26, 58, , 
2018/1/27, 49, , 
2018/1/28, 33, , 
2018/1/29, 21, , 
2018/1/30, 29, , 
2018/1/31, 35, , 
2018/2/1, 52, , 
2018/2/2, 14, , 
2018/2/3, 25, , 
2018/2/4, 33, , 
2018/2/5, 46, , 
2018/2/6, 52, , 
2018/2/7, 25, , 
2018/2/8, 37, , 
2018/2/9, 35, , 
2018/2/10, 38, , 
2018/2/11, 15, , 
2018/2/12, 16, , 
2018/2/13, 33, , 
2018/2/14, 48, , 
2018/2/15, 35, , 
2018/2/16, 28, , 
2018/2/17, 22, , 
2018/2/18, 12, , 
2018/2/19, 33, , 
2018/2/20, 44, , 
2018/2/21, 40, , 
2018/2/22, 57, , 
2018/2/23, 54, , 
2018/2/24, 55, , 
2018/2/25, 29, , 17
2018/2/26, 17, , 32
2018/2/27, 17, , 25
2018/2/28, 39, , 27
2018/3/1, 32, , 36
2018/3/2, 16, , 35
2018/3/3, 15, , 39
2018/3/4, 24, , 29
2018/3/5, 71, , 28
2018/3/6, 68, , 30
2018/3/7, 21, , 35
2018/3/8, 36, , 37
2018/3/9, 52, , 37
2018/3/10, 72, , 28
2018/3/11, 53, , 37
2018/3/12, 19, , 37
2018/3/13, 46, , 39
2018/3/15, 58, , 47
2018/3/16, 65, , 31
2018/3/17, 57, , 43
2018/3/18, 44, , 22
2018/3/19, 53, , 31
2018/3/20, 34, , 37
2018/3/21, 26, , 38
2018/3/22, 26, , 15
2018/3/23, 32, , 11
2018/3/24, 56, , 4
2018/3/25, 47, , 
2018/3/26, 23, , 21
2018/3/27, 43, , 38
2018/3/28, 51, , 32
2018/3/29, 55, , 33
2018/3/30, 18, , 29
2018/3/31, 21, , 41
2017/10/1, 14, , 35
2017/10/2, 20, , 37
2017/10/3, 23, , 37
2017/10/4, 26, , 36
2017/10/5, 28, , 29
2017/10/6, 27, , 16
2017/10/7, 19, , 12
2017/10/8, 17, , 12
2017/10/9, 16, , 20
2017/10/10, 31, , 26
2017/10/11, 38, , 39
2017/10/12, 37, , 19
2017/10/13, 45, , 24
2017/10/14, 33, , 23
2017/10/15, 41, , 23
2017/10/16, 19, , 32
2017/10/17, 14, , 33
2017/10/18, 22, , 38
2017/10/19, 27, , 34
2017/10/20, 37, , 34
2017/10/21, 39, , 27
2017/10/22, 31, , 27
2017/10/23, 7, , 29
2017/10/24, 15, , 27
2017/10/25, 13, , 25
2017/10/26, 25, , 32
2017/10/28, 29, , 18
2017/10/29, 28, , 26
2017/10/30, 29, , 33
2017/11/1, 38, , 33
2017/11/2, 40, , 23
2017/11/3, 37, , 26
2017/11/4, 34, , 21
2017/11/5, 37, , 21
2017/11/6, 32, , 18
2017/11/11, 30, , 24
2017/11/12, 38, , 8
2017/11/13, 30, , 
2017/11/14, 36, , 
2017/11/15, 57, , 
2017/11/16, 49, , 
2017/11/17, 42, , 
2017/11/18, 61, , 
2017/11/19, 21, , 
2017/11/20, 40, , 
2017/11/21, 46, , 
2017/11/22, 44, , 
2017/11/23, 48, , 
2017/11/24, 69, , 
2017/11/25, 69, , 
2017/11/26, 22, , 
2017/11/27, 32, , 
2017/11/28, 42, , 
2017/11/29, 72, , 
2017/11/30, 65, , 
2017/12/1, 64, , 
2017/12/2, 80, , 
2017/12/3, 73, , 
2017/12/4, 69, , 
2017/12/5, 52, , 
2017/12/6, 19, , 
2017/12/7, 20, , 
2017/12/8, 26, , 
2017/12/9, 37, , 
2017/12/10, 50, , 
2017/12/11, 43, , 
2017/12/12, 32, , 
2017/12/13, 19, , 
2017/12/14, 40, , 
2017/12/15, 60, , 
2017/12/16, 63, , 
2017/12/17, 81, , 
2017/12/18, 67, , 
2017/12/19, 52, , 
2017/12/20, 23, , 
2017/12/21, 37, , 
2017/12/22, 47, , 
2017/12/23, 30, , 
2017/12/24, 21, , 
2017/12/25, 27, , 
2017/12/26, 29, , 
2017/12/27, 37, , 
2017/12/28, 39, , 
2017/12/29, 54, , 
2017/12/30, 58, , 
2017/12/31, 62, , 
2017/7/1, 43, , 31
2017/7/2, 62, , 21
2017/7/3, 83, , 
2017/7/7, 17, , 39
2017/7/8, 32, , 37
2017/7/9, 27, , 40
2017/7/10, 34, , 35
2017/7/11, 37, , 46
2017/7/12, 34, , 43
2017/7/13, 31, , 38
2017/7/14, 29, , 34
2017/7/15, 21, , 38
2017/7/16, 21, , 41
2017/7/17, 16, , 39
2017/7/18, 27, , 42
2017/7/19, 35, , 43
2017/7/20, 53, , 53
2017/7/21, 57, , 50
2017/7/22, 58, , 35
2017/7/23, 46, , 31
2017/7/24, 41, , 41
2017/7/25, 42, , 47
2017/7/26, 52, , 56
2017/7/27, 41, , 23
2017/7/28, 45, , 36
2017/7/29, 27, , 33
2017/7/30, 18, , 36
2017/7/31, 20, , 47
2017/8/1, 36, , 40
2017/8/2, 45, , 33
2017/8/3, 41, , 43
2017/8/4, 23, , 42
2017/8/5, 31, , 28
2017/8/6, 32, , 15
2017/8/7, 29, , 26
2017/8/8, 25, , 24
2017/8/9, 23, , 19
2017/8/10, 28, , 36
2017/8/11, 21, , 34
2017/8/12, 27, , 37
2017/8/13, 31, , 43
2017/8/14, 39, , 30
2017/8/15, 31, , 35
2017/8/16, 28, , 27
2017/8/17, 21, , 36
2017/8/18, 32, , 46
2017/8/19, 40, , 44
2017/8/20, 54, , 38
2017/8/21, 54, , 54
2017/8/22, 41, , 36
2017/8/23, 35, , 42
2017/8/24, 30, , 41
2017/8/25, 43, , 38
2017/8/26, 46, , 38
2017/8/27, 36, , 39
2017/8/28, 29, , 32
2017/8/29, 20, , 17
2017/8/30, 25, , 17
2017/8/31, 21, , 29
2017/9/1, 19, , 37
2017/9/2, 23, , 38
2017/9/3, 38, , 40
2017/9/4, 43, , 39
2017/9/5, 53, , 
2017/9/9, 32, , 28
2017/9/10, 11, , 22
2017/9/11, 7, , 16
2017/9/12, 10, , 35
2017/9/13, 36, , 34
2017/9/14, 55, , 41
2017/9/15, 58, , 38
2017/9/16, 49, , 38
2017/9/17, 50, , 38
2017/9/18, 43, , 43
2017/9/19, 50, , 44
2017/9/20, 48, , 42
2017/9/21, 43, , 45
2017/9/22, 43, , 43
2017/9/23, 53, , 37
2017/9/24, 45, , 39
2017/9/25, 34, , 39
2017/9/26, 42, , 36
2017/9/27, 39, , 51
2017/9/28, 47, , 57
2017/9/29, 49, , 40
2017/9/30, 23, , 31
2017/4/1, 13, , 39
2017/4/2, 19, , 33
2017/4/3, 29, , 43
2017/4/4, 24, , 29
2017/4/5, 33, , 31
2017/4/6, 8, , 39
2017/4/7, 9, , 45
2017/4/8, 16, , 49
2017/4/9, 33, , 47
2017/4/10, 33, , 52
2017/4/11, 47, , 41
2017/4/12, 54, , 44
2017/4/13, 50, , 44
2017/4/14, 59, , 38
2017/4/15, 30, , 38
2017/4/16, 40, , 31
2017/4/17, 40, , 32
2017/4/18, 29, , 25
2017/4/19, 31, , 35
2017/4/20, 35, , 41
2017/4/21, 50, , 39
2017/4/22, 40, , 29
2017/4/23, 7, , 20
2017/4/24, 6, , 32
2017/4/25, 18, , 44
2017/4/26, 37, , 31
2017/4/27, 41, , 26
2017/4/28, 44, , 28
2017/4/29, 57, , 24
2017/4/30, 26, , 38
2017/5/1, 14, , 43
2017/5/2, 15, , 46
2017/5/3, 25, , 34
2017/5/4, 31, , 20
2017/5/5, 5, , 39
2017/5/6, 26, , 36
2017/5/7, 16, , 43
2017/5/8, 29, , 45
2017/5/9, 36, , 50
2017/5/10, 50, , 46
2017/5/11, 53, , 35
2017/5/12, 50, , 34
2017/5/13, 37, , 43
2017/5/14, 29, , 59
2017/5/15, 42, , 56
2017/5/16, 44, , 38
2017/5/17, 34, , 31
2017/5/18, 34, , 39
2017/5/19, 33, , 22
2017/5/20, 34, , 26
2017/5/21, 15, , 25
2017/5/22, 31, , 26
2017/5/23, 15, , 32
2017/5/24, 10, , 28
2017/5/25, 16, , 42
2017/5/26, 38, , 41
2017/5/27, 45, , 33
2017/5/28, 17, , 32
2017/5/29, 31, , 21
2017/5/30, 15, , 33
2017/5/31, 29, , 42
2017/6/1, 40, , 47
2017/6/2, 35, , 46
2017/6/3, 49, , 23
2017/6/4, 37, , 16
2017/6/5, 20, , 20
2017/6/6, 20, , 35
2017/6/7, 24, , 44
2017/6/8, 37, , 53
2017/6/9, 42, , 45
2017/6/10, 44, , 30
2017/6/11, 25, , 27
2017/6/12, 24, , 45
2017/6/13, 26, , 42
2017/6/14, 34, , 43
2017/6/15, 31, , 47
2017/6/16, 18, , 40
2017/6/17, 33, , 24
2017/6/18, 19, , 28
2017/6/19, 25, , 15
2017/6/20, 20, , 13
2017/6/21, 23, , 12
2017/6/22, 27, , 15
2017/6/23, 30, , 27
2017/6/24, 18, , 27
2017/6/25, 20, , 38
2017/6/26, 21, , 39
2017/6/27, 29, , 39
2017/6/28, 34, , 30
2017/6/29, 60, , 15
2017/6/30, 28, , 26
2017/1/2, 8, , 
2017/1/3, 14, , 
2017/1/4, 11, , 
2017/1/5, 22, , 
2017/1/6, 23, , 
2017/1/7, 23, , 
2017/1/8, 22, , 
2017/1/9, 23, , 
2017/1/10, 19, , 
2017/1/11, 38, , 
2017/1/12, 37, , 
2017/1/13, 43, , 
2017/1/14, 60, , 
2017/1/15, 71, , 
2017/1/16, 69, , 
2017/1/17, 44, , 
2017/1/18, 26, , 
2017/1/19, 35, , 
2017/1/20, 31, , 
2017/1/21, 23, , 
2017/1/22, 8, , 
2017/1/23, 17, , 
2017/1/24, 17, , 
2017/1/25, 29, , 
2017/1/26, 15, , 
2017/1/27, 13, , 
2017/1/28, 14, , 
2017/1/29, 13, , 
2017/1/30, 15, , 
2017/1/31, 40, , 
2017/2/1, 41, , 
2017/2/2, 41, , 
2017/2/3, 13, , 
2017/2/4, 16, , 
2017/2/5, 40, , 
2017/2/6, 49, , 
2017/2/7, 39, , 
2017/2/8, 22, , 
2017/2/9, 11, , 
2017/2/10, 17, , 
2017/2/11, 43, , 
2017/2/12, 40, , 
2017/2/13, 8, , 
2017/2/14, 25, , 
2017/2/15, 38, , 
2017/2/16, 15, , 
2017/2/17, 33, , 
2017/2/18, 50, , 
2017/2/19, 39, , 
2017/2/20, 35, , 31
2017/2/21, 48, , 27
2017/2/22, 39, , 56
2017/2/23, 31, , 34
2017/2/24, 28, , 36
2017/2/25, 25, , 37
2017/2/26, 26, , 24
2017/2/27, 46, , 30
2017/2/28, 44, , 22
2017/3/1, 30, , 33
2017/3/2, 10, , 36
2017/3/3, 15, , 37
2017/3/4, 23, , 42
2017/3/5, 53, , 39
2017/3/6, 38, , 34
2017/3/7, 31, , 37
2017/3/8, 12, , 39
2017/3/9, 27, , 37
2017/3/10, 24, , 34
2017/3/11, 15, , 29
2017/3/12, 15, , 28
2017/3/13, 15, , 26
2017/3/14, 18, , 34
2017/3/15, 15, , 38
2017/3/16, 13, , 33
2017/3/17, 35, , 36
2017/3/18, 39, , 33
2017/3/19, 13, , 33
2017/3/20, 29, , 40
2017/3/21, 58, , 33
2017/3/22, 25, , 37
2017/3/23, 19, , 36
2017/3/24, 35, , 37
2017/3/25, 21, , 34
2017/3/26, 22, , 29
2017/3/27, 37, , 34
2017/3/28, 30, , 48
2017/3/29, 42, , 34
2017/3/30, 46, , 33
2017/3/31, 12, , 37
2020/1/1, , 16, 
2019/7/16, , 29, 26
2019/7/20, , 10, 32
2019/7/24, , 13, 43
2019/8/4, , 13, 44
2019/8/7, , 11, 41
2019/8/10, , 13, 37
2019/8/12, , 16, 45
2019/8/13, , 10, 39
2019/8/14, , 14, 40
2019/8/18, , 10, 32
2019/8/24, , 9, 26
2019/8/29, , 14, 44
2019/8/31, , 14, 35
2019/9/13, , 14, 34
2019/9/18, , 15, 34
2019/9/19, , 17, 40
2019/4/8, , 15, 32
2019/5/6, , 14, 37
2019/6/12, , 11, 39
2019/6/13, , 12, 51
2018/12/31, , 15, 
2019/3/13, , 18, 34
2018/11/20, , 13, 
2018/11/21, , 20, 
2018/12/9, , 7, 
2019/4/6, , , 35
2019/4/7, , , 18
2019/5/3, , , 26
2019/5/4, , , 31
2019/5/5, , , 35
2018/11/8, , , 16
2018/11/9, , , 23
2018/11/10, , , 27
2018/11/11, , , 20
2018/5/13, , , 49
2018/3/14, , , 43
2017/10/27, , , 26
2017/10/31, , , 34
2017/11/7, , , 8
2017/11/8, , , 8
2017/11/9, , , 26
2017/11/10, , , 25
2017/7/6, , , 31
2017/9/8, , , 35