date, pm25, o3
2020/1/2, 16, 20
2020/1/3, 12, 20
2020/1/4, 31, 25
2020/1/5, 23, 28
2020/1/6, 16, 27
2020/1/7, 24, 29
2020/1/8, 22, 32
2020/1/9, 28, 31
2020/1/10, 36, 25
2020/1/11, 21, 15
2020/1/12, 16, 18
2020/1/13, 22, 21
2020/1/14, 32, 21
2020/1/15, 27, 18
2020/1/16, 42, 
2019/10/1, 53, 46
2019/10/2, 45, 43
2019/10/3, 46, 36
2019/10/4, 16, 46
2019/10/5, 24, 32
2019/10/6, 38, 29
2019/10/7, 16, 34
2019/10/8, 19, 24
2019/10/9, 21, 35
2019/10/10, 34, 40
2019/10/11, 31, 30
2019/10/12, 12, 38
2019/10/13, 30, 42
2019/10/14, 35, 33
2019/10/15, 32, 27
2019/10/16, 23, 27
2019/10/17, 20, 33
2019/10/18, 22, 36
2019/10/19, 30, 34
2019/10/20, 31, 30
2019/10/21, 24, 31
2019/10/22, 17, 31
2019/10/23, 20, 37
2019/10/24, 23, 23
2019/10/25, 33, 23
2019/10/26, 18, 33
2019/10/27, 23, 24
2019/10/28, 24, 24
2019/10/29, 36, 17
2019/10/30, 24, 24
2019/10/31, 24, 26
2019/11/1, 22, 28
2019/11/2, 27, 30
2019/11/3, 23, 33
2019/11/4, 30, 29
2019/11/5, 35, 20
2019/11/6, 26, 19
2019/11/7, 26, 25
2019/11/8, 24, 27
2019/11/9, 27, 33
2019/11/10, 37, 29
2019/11/11, 35, 24
2019/11/12, 20, 24
2019/11/13, 24, 30
2019/11/14, 41, 23
2019/11/15, 40, 25
2019/11/16, 40, 24
2019/11/17, 40, 20
2019/11/18, 48, 20
2019/11/19, 40, 20
2019/11/20, 33, 29
2019/11/21, 38, 21
2019/11/22, 28, 14
2019/11/23, 15, 26
2019/11/24, 26, 30
2019/11/25, 33, 27
2019/11/26, 37, 25
2019/11/27, 26, 18
2019/11/28, 24, 13
2019/11/29, 25, 21
2019/11/30, 27, 25
2019/12/1, 17, 24
2019/12/2, 22, 23
2019/12/3, 28, 29
2019/12/4, 28, 27
2019/12/5, 30, 25
2019/12/6, 40, 25
2019/12/7, 39, 29
2019/12/8, 44, 26
2019/12/9, 43, 23
2019/12/10, 30, 23
2019/12/11, 26, 28
2019/12/12, 21, 23
2019/12/13, 19, 21
2019/12/14, 34, 18
2019/12/15, 38, 13
2019/12/16, 21, 25
2019/12/17, 27, 21
2019/12/18, 43, 23
2019/12/19, 42, 21
2019/12/20, 33, 24
2019/12/21, 36, 21
2019/12/22, 33, 28
2019/12/23, 27, 29
2019/12/24, 37, 27
2019/12/26, 28, 21
2019/12/27, 27, 16
2019/12/28, 19, 
2019/7/1, 34, 41
2019/7/2, 50, 32
2019/7/3, 41, 30
2019/7/4, 33, 27
2019/7/5, 37, 32
2019/7/6, 44, 31
2019/7/7, 45, 32
2019/7/8, 48, 33
2019/7/9, 51, 36
2019/7/10, 53, 42
2019/7/11, 59, 39
2019/7/12, 43, 40
2019/7/13, 37, 28
2019/7/14, 34, 18
2019/7/15, 44, 22
2019/7/16, 37, 22
2019/7/17, 33, 30
2019/7/18, 40, 29
2019/7/19, 49, 31
2019/7/20, 42, 24
2019/7/21, 32, 25
2019/7/22, 28, 33
2019/7/23, 33, 38
2019/7/24, 34, 40
2019/7/25, 41, 46
2019/7/26, 40, 42
2019/7/27, 47, 36
2019/7/28, 56, 37
2019/7/29, 51, 31
2019/7/30, 31, 37
2019/7/31, 36, 38
2019/8/1, 45, 33
2019/8/2, 46, 37
2019/8/3, 30, 27
2019/8/4, 35, 41
2019/8/5, 42, 38
2019/8/6, 45, 36
2019/8/7, 34, 39
2019/8/8, 55, 42
2019/8/9, 55, 35
2019/8/10, 52, 40
2019/8/11, 54, 37
2019/8/12, 57, 40
2019/8/13, 32, 37
2019/8/14, 35, 35
2019/8/15, 36, 38
2019/8/16, 40, 39
2019/8/17, 49, 37
2019/8/18, 45, 43
2019/8/19, 52, 38
2019/8/20, 42, 38
2019/8/21, 34, 35
2019/8/22, 35, 26
2019/8/23, 34, 35
2019/8/24, 28, 25
2019/8/25, 38, 19
2019/8/26, 20, 21
2019/8/27, 25, 36
2019/8/28, 27, 35
2019/8/29, 32, 45
2019/8/30, 35, 39
2019/8/31, 36, 37
2019/9/1, 44, 34
2019/9/2, 37, 39
2019/9/3, 34, 39
2019/9/4, 51, 39
2019/9/5, 31, 39
2019/9/6, 41, 31
2019/9/7, 30, 31
2019/9/8, 35, 43
2019/9/9, 36, 44
2019/9/10, 49, 43
2019/9/11, 56, 41
2019/9/12, 65, 43
2019/9/13, 72, 42
2019/9/14, 75, 44
2019/9/15, 84, 47
2019/9/16, 57, 45
2019/9/17, 46, 48
2019/9/18, 38, 48
2019/9/19, 50, 46
2019/9/20, 46, 47
2019/9/21, 39, 40
2019/9/22, 33, 36
2019/9/23, 36, 37
2019/9/24, 19, 43
2019/9/25, 37, 34
2019/9/26, 42, 47
2019/9/27, 46, 43
2019/9/28, 54, 40
2019/9/29, 58, 47
2019/9/30, 65, 39
2019/4/1, 19, 44
2019/4/2, 31, 48
2019/4/3, 52, 47
2019/4/4, 55, 35
2019/4/5, 38, 40
2019/4/6, 29, 36
2019/4/7, 30, 34
2019/4/8, 24, 43
2019/4/9, 20, 45
2019/4/10, 26, 40
2019/4/11, 36, 37
2019/4/12, 33, 34
2019/4/13, 30, 37
2019/4/14, 26, 39
2019/4/15, 24, 45
2019/4/16, 29, 47
2019/4/17, 40, 40
2019/4/18, 41, 27
2019/4/19, 8, 29
2019/4/20, 20, 41
2019/4/21, 25, 44
2019/4/22, 31, 43
2019/4/23, 41, 42
2019/4/24, 38, 39
2019/4/25, 32, 45
2019/4/26, 32, 41
2019/4/27, 29, 35
2019/4/28, 36, 45
2019/4/29, 42, 42
2019/4/30, 50, 37
2019/5/1, 50, 27
2019/5/2, 31, 30
2019/5/3, 22, 26
2019/5/4, 26, 27
2019/5/5, 25, 44
2019/5/6, 27, 46
2019/5/7, 35, 44
2019/5/8, 45, 35
2019/5/9, 35, 18
2019/5/10, 37, 21
2019/5/11, 29, 19
2019/5/12, 25, 32
2019/5/13, 34, 43
2019/5/14, 32, 38
2019/5/15, 41, 44
2019/5/16, 44, 45
2019/5/17, 52, 41
2019/5/18, 58, 37
2019/5/19, 45, 35
2019/5/20, 22, 36
2019/5/21, 39, 33
2019/5/22, 48, 33
2019/5/23, 40, 35
2019/5/24, 42, 39
2019/5/25, 44, 36
2019/5/26, 42, 39
2019/5/27, 46, 35
2019/5/28, 49, 29
2019/5/29, 31, 28
2019/5/30, 28, 39
2019/5/31, 34, 45
2019/6/1, 42, 47
2019/6/2, 50, 40
2019/6/3, 34, 50
2019/6/4, 44, 43
2019/6/5, 63, 32
2019/6/6, 30, 27
2019/6/7, 17, 30
2019/6/8, 26, 23
2019/6/9, 21, 33
2019/6/10, 31, 30
2019/6/11, 23, 35
2019/6/12, 36, 38
2019/6/13, 40, 41
2019/6/14, 34, 45
2019/6/15, 54, 32
2019/6/16, 71, 30
2019/6/17, 44, 22
2019/6/18, 16, 36
2019/6/19, 25, 38
2019/6/20, 27, 38
2019/6/21, 36, 29
2019/6/22, 24, 25
2019/6/23, 32, 34
2019/6/24, 26, 39
2019/6/25, 33, 41
2019/6/26, 44, 40
2019/6/27, 23, 39
2019/6/28, 37, 44
2019/6/29, 51, 43
2019/6/30, 57, 39
2019/1/1, 23, 16
2019/1/2, 40, 13
2019/1/3, 42, 13
2019/1/4, 27, 22
2019/1/5, 32, 28
2019/1/6, 34, 31
2019/1/7, 27, 31
2019/1/8, 28, 28
2019/1/9, 18, 20
2019/1/10, 29, 21
2019/1/11, 33, 21
2019/1/12, 32, 17
2019/1/13, 33, 22
2019/1/14, 49, 30
2019/1/15, 46, 17
2019/1/16, 53, 19
2019/1/17, 34, 22
2019/1/18, 33, 22
2019/1/19, 21, 32
2019/1/20, 25, 28
2019/1/21, 20, 31
2019/1/22, 21, 29
2019/1/23, 20, 30
2019/1/24, 39, 30
2019/1/25, 24, 29
2019/1/26, 25, 30
2019/1/27, 31, 34
2019/1/28, 33, 30
2019/1/29, 30, 31
2019/1/30, 19, 28
2019/1/31, 19, 27
2019/2/1, 37, 33
2019/2/2, 43, 38
2019/2/3, 44, 26
2019/2/4, 41, 23
2019/2/5, 41, 23
2019/2/6, 25, 24
2019/2/7, 25, 28
2019/2/8, 30, 28
2019/2/9, 22, 23
2019/2/10, 25, 19
2019/2/11, 22, 25
2019/2/12, 21, 33
2019/2/13, 19, 31
2019/2/14, 17, 29
2019/2/15, 35, 27
2019/2/16, 30, 20
2019/2/17, 31, 30
2019/2/18, 40, 25
2019/2/19, 32, 22
2019/2/20, 15, 29
2019/2/21, 32, 24
2019/2/22, 29, 20
2019/2/23, 14, 37
2019/2/24, 26, 34
2019/2/25, 25, 38
2019/2/26, 22, 39
2019/2/27, 39, 18
2019/2/28, 37, 18
2019/3/1, 30, 24
2019/3/2, 58, 30
2019/3/3, 42, 31
2019/3/4, 27, 35
2019/3/5, 26, 35
2019/3/6, 34, 36
2019/3/7, 35, 27
2019/3/8, 38, 27
2019/3/9, 27, 36
2019/3/10, 30, 38
2019/3/11, 29, 38
2019/3/12, 22, 45
2019/3/13, 30, 39
2019/3/14, 45, 36
2019/3/15, 28, 38
2019/3/16, 25, 42
2019/3/17, 26, 41
2019/3/18, 23, 44
2019/3/19, 31, 47
2019/3/20, 36, 36
2019/3/21, 46, 43
2019/3/22, 34, 43
2019/3/23, 23, 43
2019/3/24, 45, 38
2019/3/25, 46, 39
2019/3/26, 19, 40
2019/3/27, 24, 49
2019/3/28, 48, 42
2019/3/29, 55, 36
2019/3/30, 38, 37
2019/3/31, 26, 37
2018/10/1, 37, 23
2018/10/2, 32, 33
2018/10/3, 35, 32
2018/10/4, 51, 33
2018/10/5, 45, 31
2018/10/6, 51, 36
2018/10/7, 57, 30
2018/10/8, 54, 29
2018/10/9, 31, 20
2018/10/10, 21, 21
2018/10/11, 22, 30
2018/10/12, 16, 24
2018/10/13, 22, 24
2018/10/14, 29, 18
2018/10/15, 28, 12
2018/10/16, 23, 28
2018/10/17, 28, 31
2018/10/18, 19, 36
2018/10/19, 28, 31
2018/10/20, 28, 26
2018/10/21, 15, 26
2018/10/22, 20, 36
2018/10/23, 34, 27
2018/10/24, 24, 24
2018/10/25, 27, 20
2018/10/26, 17, 24
2018/10/27, 37, 33
2018/10/28, 33, 32
2018/10/29, 27, 35
2018/10/30, 29, 33
2018/10/31, 43, 31
2018/11/1, 24, 23
2018/11/2, 23, 28
2018/11/3, 31, 28
2018/11/4, 28, 29
2018/11/5, 19, 27
2018/11/6, 26, 19
2018/11/7, 23, 16
2018/11/8, 22, 22
2018/11/9, 30, 23
2018/11/10, 27, 28
2018/11/11, 27, 18
2018/11/12, 39, 12
2018/11/13, 43, 17
2018/11/14, 25, 16
2018/11/15, 30, 27
2018/11/16, 36, 32
2018/11/17, 38, 40
2018/11/18, 52, 22
2018/11/19, 53, 17
2018/11/20, 45, 22
2018/11/21, 50, 31
2018/11/22, 41, 27
2018/11/23, 29, 25
2018/11/24, 31, 27
2018/11/25, 24, 16
2018/11/26, 26, 20
2018/11/27, 31, 18
2018/11/28, 19, 22
2018/11/29, 36, 18
2018/11/30, 31, 27
2018/12/1, 16, 31
2018/12/2, 27, 16
2018/12/3, 22, 17
2018/12/4, 20, 27
2018/12/5, 24, 23
2018/12/6, 30, 17
2018/12/7, 38, 20
2018/12/8, 32, 19
2018/12/9, 35, 23
2018/12/10, 44, 24
2018/12/11, 41, 30
2018/12/12, 30, 31
2018/12/13, 28, 24
2018/12/14, 24, 23
2018/12/15, 19, 19
2018/12/16, 31, 25
2018/12/17, 29, 21
2018/12/18, 27, 28
2018/12/19, 31, 26
2018/12/20, 26, 23
2018/12/21, 25, 21
2018/12/22, 26, 18
2018/12/23, 32, 22
2018/12/24, 26, 27
2018/12/25, 24, 26
2018/12/26, 31, 30
2018/12/27, 28, 27
2018/12/28, 25, 16
2018/12/29, 29, 19
2018/12/30, 30, 
2018/7/1, 44, 28
2018/7/2, 41, 24
2018/7/3, 34, 28
2018/7/4, 39, 30
2018/7/5, 44, 36
2018/7/6, 39, 35
2018/7/7, 33, 30
2018/7/8, 39, 34
2018/7/9, 40, 38
2018/7/10, 49, 41
2018/7/11, 57, 41
2018/7/12, 61, 43
2018/7/13, 62, 46
2018/7/14, 61, 25
2018/7/15, 44, 35
2018/7/16, 41, 37
2018/7/17, 43, 42
2018/7/18, 34, 43
2018/7/19, 37, 42
2018/7/20, 56, 39
2018/7/21, 29, 29
2018/7/22, 39, 32
2018/7/23, 36, 31
2018/7/24, 54, 42
2018/7/25, 60, 39
2018/7/26, 48, 37
2018/7/27, 40, 32
2018/7/28, 36, 35
2018/7/29, 34, 32
2018/7/30, 45, 34
2018/7/31, 47, 36
2018/8/1, 46, 36
2018/8/2, 46, 41
2018/8/3, 37, 40
2018/8/4, 38, 33
2018/8/5, 37, 34
2018/8/6, 37, 33
2018/8/7, 41, 28
2018/8/8, 34, 33
2018/8/9, 38, 29
2018/8/10, 34, 37
2018/8/11, 57, 33
2018/8/12, 56, 34
2018/8/13, 59, 45
2018/8/14, 72, 30
2018/8/15, 101, 26
2018/8/16, 78, 33
2018/8/17, 48, 32
2018/8/18, 37, 32
2018/8/19, 38, 28
2018/8/20, 39, 29
2018/8/21, 29, 30
2018/8/22, 63, 31
2018/8/23, 42, 37
2018/8/24, 52, 41
2018/8/25, 63, 32
2018/8/26, 65, 40
2018/8/27, 62, 36
2018/8/28, 60, 32
2018/8/29, 50, 28
2018/8/30, 28, 27
2018/8/31, 29, 26
2018/9/1, 24, 23
2018/9/2, 33, 22
2018/9/3, 30, 25
2018/9/4, 32, 25
2018/9/5, 38, 26
2018/9/6, 29, 28
2018/9/7, 29, 24
2018/9/8, 32, 15
2018/9/9, 17, 15
2018/9/10, 17, 21
2018/9/11, 21, 20
2018/9/12, 30, 26
2018/9/13, 31, 44
2018/9/14, 46, 27
2018/9/15, 40, 16
2018/9/16, 17, 21
2018/9/17, 21, 38
2018/9/18, 45, 46
2018/9/19, 66, 41
2018/9/20, 59, 38
2018/9/21, 55, 14
2018/9/22, 22, 10
2018/9/23, 16, 21
2018/9/24, 30, 18
2018/9/25, 25, 19
2018/9/26, 24, 
2018/9/27, 23, 
2018/9/28, 23, 
2018/9/29, 35, 
2018/9/30, 33, 17
2018/4/1, 29, 26
2018/4/2, 22, 28
2018/4/3, 41, 37
2018/4/4, 29, 37
2018/4/5, 25, 37
2018/4/6, 42, 37
2018/4/7, 31, 35
2018/4/8, 26, 40
2018/4/9, 32, 36
2018/4/10, 43, 36
2018/4/11, 40, 46
2018/4/12, 43, 45
2018/4/13, 50, 37
2018/4/14, 29, 27
2018/4/15, 20, 31
2018/4/16, 28, 44
2018/4/17, 33, 41
2018/4/18, 47, 35
2018/4/19, 27, 44
2018/4/20, 24, 46
2018/4/21, 34, 38
2018/4/22, 41, 34
2018/4/23, 24, 25
2018/4/24, 21, 41
2018/4/25, 30, 36
2018/4/26, 41, 47
2018/4/27, 32, 40
2018/4/28, 31, 40
2018/4/29, 25, 43
2018/4/30, 27, 55
2018/5/1, 46, 42
2018/5/2, 56, 41
2018/5/3, 54, 33
2018/5/4, 54, 31
2018/5/5, 24, 43
2018/5/6, 34, 43
2018/5/7, 42, 46
2018/5/8, 47, 46
2018/5/9, 51, 49
2018/5/10, 55, 46
2018/5/11, 58, 43
2018/5/12, 58, 38
2018/5/13, 60, 42
2018/5/14, 57, 46
2018/5/15, 54, 38
2018/5/16, 41, 33
2018/5/17, 36, 25
2018/5/18, 45, 35
2018/5/19, 50, 41
2018/5/20, 47, 34
2018/5/21, 37, 25
2018/5/22, 13, 40
2018/5/23, 42, 38
2018/5/24, 32, 49
2018/5/25, 39, 34
2018/5/26, 40, 35
2018/5/27, 38, 25
2018/5/28, 32, 18
2018/5/29, 20, 31
2018/5/30, 33, 32
2018/5/31, 38, 37
2018/6/1, 34, 42
2018/6/2, 46, 41
2018/6/3, 38, 42
2018/6/4, 32, 43
2018/6/5, 33, 47
2018/6/6, 50, 50
2018/6/7, 49, 42
2018/6/8, 50, 49
2018/6/9, 60, 37
2018/6/10, 53, 36
2018/6/11, 55, 30
2018/6/12, 62, 33
2018/6/13, 38, 44
2018/6/14, 52, 47
2018/6/15, 52, 43
2018/6/16, 54, 41
2018/6/17, 54, 32
2018/6/18, 50, 26
2018/6/19, 63, 28
2018/6/20, 58, 23
2018/6/21, 34, 31
2018/6/22, 25, 35
2018/6/23, 42, 33
2018/6/24, 47, 28
2018/6/25, 30, 25
2018/6/26, 27, 26
2018/6/27, 30, 31
2018/6/28, 52, 30
2018/6/29, 32, 37
2018/6/30, 43, 35
2018/1/1, 30, 26
2018/1/2, 18, 21
2018/1/3, 26, 23
2018/1/4, 39, 21
2018/1/5, 34, 26
2018/1/6, 31, 29
2018/1/7, 28, 24
2018/1/8, 33, 15
2018/1/9, 22, 27
2018/1/10, 25, 24
2018/1/11, 18, 21
2018/1/12, 18, 29
2018/1/13, 25, 29
2018/1/14, 19, 25
2018/1/15, 30, 24
2018/1/16, 36, 22
2018/1/17, 38, 24
2018/1/18, 40, 29
2018/1/19, 34, 29
2018/1/20, 24, 31
2018/1/21, 31, 30
2018/1/22, 36, 26
2018/1/23, 27, 26
2018/1/24, 33, 29
2018/1/25, 33, 35
2018/1/26, 39, 28
2018/1/27, 45, 28
2018/1/28, 29, 23
2018/1/29, 29, 26
2018/1/30, 22, 27
2018/1/31, 22, 26
2018/2/1, 33, 27
2018/2/2, 19, 26
2018/2/3, 18, 26
2018/2/4, 45, 24
2018/2/5, 22, 20
2018/2/6, 34, 23
2018/2/7, 39, 30
2018/2/8, 31, 33
2018/2/9, 27, 22
2018/2/10, 18, 17
2018/2/11, 32, 28
2018/2/12, 34, 23
2018/2/13, 37, 14
2018/2/14, 21, 20
2018/2/15, 28, 24
2018/2/16, 37, 21
2018/2/17, 28, 27
2018/2/18, 25, 23
2018/2/19, 38, 26
2018/2/20, 45, 21
2018/2/21, 22, 10
2018/2/22, 15, 22
2018/2/23, 33, 20
2018/2/24, 26, 27
2018/2/25, 19, 35
2018/2/26, 26, 37
2018/2/27, 21, 31
2018/2/28, 14, 30
2018/3/1, 22, 35
2018/3/2, 26, 36
2018/3/3, 19, 36
2018/3/4, 21, 32
2018/3/5, 31, 36
2018/3/6, 25, 32
2018/3/7, 27, 32
2018/3/8, 29, 34
2018/3/9, 34, 36
2018/3/10, 50, 31
2018/3/11, 41, 32
2018/3/12, 34, 35
2018/3/13, 31, 35
2018/3/14, 25, 48
2018/3/15, 46, 39
2018/3/16, 36, 34
2018/3/17, 45, 28
2018/3/18, 47, 28
2018/3/19, 39, 24
2018/3/20, 33, 28
2018/3/21, 35, 39
2018/3/22, 32, 34
2018/3/23, 34, 34
2018/3/24, 22, 33
2018/3/25, 29, 34
2018/3/26, 37, 33
2018/3/27, 35, 25
2018/3/28, 28, 33
2018/3/29, 15, 35
2018/3/30, 23, 40
2018/3/31, 26, 25
2017/10/1, 28, 30
2017/10/2, 33, 34
2017/10/3, 33, 41
2017/10/4, 33, 33
2017/10/5, 33, 44
2017/10/6, 36, 25
2017/10/7, 37, 22
2017/10/8, 16, 25
2017/10/9, 30, 14
2017/10/10, 39, 17
2017/10/11, 40, 24
2017/10/12, 34, 31
2017/10/13, 28, 31
2017/10/14, 50, 20
2017/10/15, 32, 28
2017/10/16, 19, 32
2017/10/17, 17, 37
2017/10/18, 21, 41
2017/10/19, 40, 43
2017/10/20, 43, 35
2017/10/21, 42, 32
2017/10/22, 27, 27
2017/10/23, 12, 28
2017/10/24, 25, 27
2017/10/25, 25, 32
2017/10/26, 29, 32
2017/10/27, 33, 19
2017/10/28, 21, 21
2017/10/29, 25, 31
2017/10/30, 33, 21
2017/10/31, 23, 25
2017/11/1, 35, 28
2017/11/2, 46, 21
2017/11/3, 40, 21
2017/11/4, 41, 25
2017/11/5, 44, 16
2017/11/6, 28, 16
2017/11/7, 23, 23
2017/11/8, 28, 29
2017/11/9, 32, 27
2017/11/10, 29, 27
2017/11/11, 33, 22
2017/11/12, 52, 29
2017/11/13, 34, 27
2017/11/14, 28, 19
2017/11/15, 41, 13
2017/11/16, 41, 23
2017/11/17, 36, 29
2017/11/18, 40, 23
2017/11/19, 36, 28
2017/11/20, 25, 30
2017/11/21, 38, 21
2017/11/22, 36, 26
2017/11/23, 33, 29
2017/11/24, 35, 29
2017/11/25, 35, 29
2017/11/26, 24, 31
2017/11/27, 28, 37
2017/11/28, 40, 38
2017/11/29, 53, 31
2017/11/30, 57, 26
2017/12/1, 26, 30
2017/12/2, 37, 35
2017/12/3, 47, 35
2017/12/4, 48, 24
2017/12/5, 29, 18
2017/12/6, 26, 20
2017/12/7, 33, 18
2017/12/8, 29, 19
2017/12/9, 34, 23
2017/12/10, 27, 25
2017/12/11, 28, 26
2017/12/12, 28, 25
2017/12/13, 22, 20
2017/12/14, 40, 19
2017/12/15, 39, 25
2017/12/16, 44, 24
2017/12/17, 41, 19
2017/12/18, 28, 16
2017/12/19, 33, 18
2017/12/20, 39, 16
2017/12/21, 35, 15
2017/12/22, 24, 17
2017/12/23, 24, 18
2017/12/24, 33, 26
2017/12/25, 26, 24
2017/12/26, 21, 26
2017/12/27, 18, 24
2017/12/28, 25, 22
2017/12/29, 36, 23
2017/12/30, 44, 23
2017/12/31, 31, 24
2017/7/1, 29, 33
2017/7/2, 36, 35
2017/7/3, 35, 23
2017/7/4, 33, 26
2017/7/5, 27, 29
2017/7/6, 26, 38
2017/7/7, 41, 39
2017/7/8, 36, 34
2017/7/9, 41, 38
2017/7/10, 47, 36
2017/7/11, 48, 32
2017/7/12, 48, 30
2017/7/13, 47, 41
2017/7/14, 42, 34
2017/7/15, 36, 35
2017/7/16, 32, 39
2017/7/17, 45, 47
2017/7/18, 58, 41
2017/7/19, 60, 44
2017/7/20, 67, 42
2017/7/21, 73, 34
2017/7/22, 80, 39
2017/7/23, 46, 42
2017/7/24, 57, 39
2017/7/25, 56, 39
2017/7/26, 51, 26
2017/7/27, 58, 35
2017/7/28, 46, 34
2017/7/29, 36, 34
2017/7/30, 30, 31
2017/7/31, 36, 37
2017/8/1, 39, 40
2017/8/2, 43, 43
2017/8/3, 49, 29
2017/8/4, 38, 28
2017/8/5, 22, 21
2017/8/6, 26, 26
2017/8/7, 27, 35
2017/8/8, 42, 35
2017/8/9, 50, 38
2017/8/10, 52, 36
2017/8/11, 70, 34
2017/8/12, 55, 35
2017/8/13, 34, 26
2017/8/14, 50, 30
2017/8/15, 44, 24
2017/8/16, 41, 20
2017/8/17, 39, 39
2017/8/18, 41, 40
2017/8/19, 60, 41
2017/8/20, 58, 38
2017/8/21, 54, 31
2017/8/22, 49, 37
2017/8/23, 35, 39
2017/8/24, 44, 35
2017/8/25, 41, 41
2017/8/26, 39, 40
2017/8/27, 30, 29
2017/8/28, 14, 36
2017/8/29, 30, 36
2017/8/30, 49, 19
2017/8/31, 24, 28
2017/9/1, 10, 25
2017/9/2, 27, 31
2017/9/3, 48, 33
2017/9/4, 57, 
2017/9/9, 50, 32
2017/9/10, 34, 20
2017/9/11, 23, 18
2017/9/12, 19, 17
2017/9/13, 14, 23
2017/9/14, 47, 36
2017/9/15, 50, 33
2017/9/16, 50, 35
2017/9/17, 50, 34
2017/9/18, 53, 25
2017/9/19, 42, 35
2017/9/20, 40, 31
2017/9/21, 45, 39
2017/9/22, 48, 39
2017/9/23, 54, 36
2017/9/24, 49, 38
2017/9/25, 50, 36
2017/9/26, 36, 40
2017/9/27, 42, 32
2017/9/28, 24, 37
2017/9/29, 29, 32
2017/9/30, 25, 36
2017/4/1, 24, 33
2017/4/2, 26, 39
2017/4/3, 29, 39
2017/4/4, 28, 39
2017/4/5, 32, 31
2017/4/6, 21, 40
2017/4/7, 20, 44
2017/4/8, 25, 47
2017/4/9, 40, 48
2017/4/10, 41, 37
2017/4/11, 48, 40
2017/4/12, 31, 53
2017/4/13, 37, 52
2017/4/14, 45, 44
2017/4/15, 54, 36
2017/4/16, 41, 34
2017/4/17, 25, 30
2017/4/18, 30, 32
2017/4/19, 30, 33
2017/4/20, 48, 25
2017/4/21, 29, 25
2017/4/22, 20, 23
2017/4/23, 24, 33
2017/4/24, 24, 37
2017/4/25, 31, 46
2017/4/26, 40, 35
2017/4/27, 27, 31
2017/4/28, 43, 31
2017/4/29, 64, 30
2017/4/30, 40, 35
2017/5/1, 23, 40
2017/5/2, 23, 40
2017/5/3, 22, 33
2017/5/4, 24, 30
2017/5/5, 19, 35
2017/5/6, 26, 39
2017/5/7, 30, 42
2017/5/8, 34, 46
2017/5/9, 56, 42
2017/5/10, 65, 34
2017/5/11, 60, 27
2017/5/12, 26, 46
2017/5/13, 42, 50
2017/5/14, 48, 44
2017/5/15, 48, 53
2017/5/16, 50, 46
2017/5/17, 50, 35
2017/5/18, 40, 23
2017/5/19, 27, 30
2017/5/20, 31, 30
2017/5/21, 18, 34
2017/5/22, 19, 36
2017/5/23, 18, 33
2017/5/24, 27, 39
2017/5/25, 40, 42
2017/5/26, 36, 35
2017/5/27, 43, 37
2017/5/28, 23, 38
2017/5/29, 36, 42
2017/5/30, 35, 44
2017/5/31, 33, 42
2017/6/1, 41, 43
2017/6/2, 37, 55
2017/6/3, 39, 38
2017/6/4, 42, 24
2017/6/5, 12, 38
2017/6/6, 25, 33
2017/6/7, 31, 32
2017/6/8, 24, 43
2017/6/9, 35, 44
2017/6/10, 46, 40
2017/6/11, 49, 32
2017/6/12, 45, 35
2017/6/13, 39, 35
2017/6/14, 39, 24
2017/6/15, 25, 43
2017/6/16, 44, 42
2017/6/17, 49, 26
2017/6/18, 42, 40
2017/6/19, 24, 45
2017/6/20, 38, 41
2017/6/21, 48, 14
2017/6/22, 26, 19
2017/6/23, 27, 30
2017/6/24, 24, 36
2017/6/25, 26, 33
2017/6/26, 27, 37
2017/6/27, 28, 42
2017/6/28, 31, 32
2017/6/29, 40, 22
2017/6/30, 21, 34
2017/1/2, 15, 19
2017/1/3, 17, 24
2017/1/4, 23, 24
2017/1/5, 21, 25
2017/1/6, 37, 26
2017/1/7, 38, 25
2017/1/8, 32, 27
2017/1/9, 28, 31
2017/1/10, 29, 27
2017/1/11, 26, 27
2017/1/12, 31, 14
2017/1/13, 19, 8
2017/1/14, 18, 5
2017/1/15, 25, 21
2017/1/16, 34, 24
2017/1/17, 31, 18
2017/1/18, 27, 18
2017/1/19, 25, 27
2017/1/20, 24, 30
2017/1/21, 32, 26
2017/1/22, 25, 20
2017/1/23, 45, 21
2017/1/24, 36, 27
2017/1/25, 40, 21
2017/1/26, 30, 28
2017/1/27, 29, 32
2017/1/28, 18, 29
2017/1/29, 26, 32
2017/1/30, 20, 34
2017/1/31, 29, 34
2017/2/1, 19, 31
2017/2/2, 17, 29
2017/2/3, 22, 32
2017/2/4, 24, 33
2017/2/5, 50, 20
2017/2/6, 42, 27
2017/2/7, 27, 19
2017/2/8, 41, 28
2017/2/9, 30, 34
2017/2/10, 22, 30
2017/2/11, 48, 34
2017/2/12, 41, 34
2017/2/13, 14, 30
2017/2/14, 25, 36
2017/2/15, 23, 36
2017/2/16, 35, 42
2017/2/17, 39, 31
2017/2/18, 62, 39
2017/2/19, 66, 40
2017/2/20, 54, 38
2017/2/21, 54, 33
2017/2/22, 50, 34
2017/2/23, 37, 36
2017/2/24, 34, 30
2017/2/25, 26, 34
2017/2/26, 29, 40
2017/2/27, 35, 26
2017/2/28, 31, 34
2017/3/1, 44, 35
2017/3/2, 24, 33
2017/3/3, 24, 41
2017/3/4, 29, 44
2017/3/5, 49, 39
2017/3/6, 50, 36
2017/3/7, 34, 40
2017/3/8, 23, 43
2017/3/9, 33, 36
2017/3/10, 27, 32
2017/3/11, 26, 37
2017/3/12, 26, 30
2017/3/13, 30, 35
2017/3/14, 38, 35
2017/3/15, 28, 40
2017/3/16, 32, 32
2017/3/17, 42, 33
2017/3/18, 38, 31
2017/3/19, 32, 41
2017/3/20, 39, 36
2017/3/21, 45, 38
2017/3/22, 22, 37
2017/3/23, 35, 41
2017/3/24, 54, 38
2017/3/25, 42, 35
2017/3/26, 26, 40
2017/3/27, 37, 32
2017/3/28, 28, 37
2017/3/29, 32, 37
2017/3/30, 35, 25
2017/3/31, 23, 32
2020/1/1, , 26
2019/12/25, , 23
2018/12/31, , 24
2017/9/8, , 27
2017/1/1, , 17