date, pm25, pm10, o3, so2
2020/1/2, 25, 17, , 1
2020/1/3, 41, 10, , 
2020/1/4, 29, 10, , 
2020/1/5, 31, 11, , 
2020/1/6, 16, 10, , 
2020/1/7, 19, 9, , 
2020/1/8, 17, 12, , 
2020/1/9, 28, 24, , 
2020/1/10, 65, 7, , 
2020/1/11, 24, 8, , 
2020/1/12, 25, 11, , 
2020/1/13, 43, 14, , 
2020/1/14, 51, 15, , 
2020/1/15, 54, 22, , 
2020/1/16, 72, , , 
2019/10/1, 32, 6, 10, 
2019/10/2, 14, 5, 16, 
2019/10/3, 8, 7, 18, 
2019/10/4, 17, 11, 21, 
2019/10/5, 31, 9, 23, 
2019/10/6, 17, 9, 24, 
2019/10/7, 17, 11, 30, 1
2019/10/8, 23, 17, 40, 
2019/10/9, 37, 17, 29, 
2019/10/10, 42, 8, 24, 
2019/10/11, 19, 9, 28, 
2019/10/12, 16, 5, 21, 
2019/10/13, 14, 5, 20, 
2019/10/14, 15, 14, 25, 
2019/10/15, 29, 7, 19, 
2019/10/16, 12, 10, 18, 
2019/10/17, 25, 17, 26, 
2019/10/18, 41, 16, 27, 1
2019/10/19, 36, 13, 23, 
2019/10/20, 38, 14, 22, 
2019/10/21, 33, 5, , 
2019/10/22, 7, 7, , 
2019/10/23, 14, 6, , 
2019/10/24, 19, 9, , 
2019/10/25, 25, 17, , 
2019/10/26, 49, 21, , 
2019/10/27, 54, 11, , 
2019/10/28, 27, 11, , 
2019/10/29, 34, 12, , 
2019/10/30, 32, 10, , 
2019/10/31, 29, 16, , 
2019/11/1, 39, 9, , 
2019/11/2, 26, 10, , 
2019/11/3, 27, 9, , 
2019/11/4, 27, 9, , 
2019/11/5, 23, 9, , 
2019/11/6, 30, 15, , 
2019/11/7, 22, 13, , 
2019/11/8, 31, 22, , 
2019/11/9, 39, 16, , 
2019/11/10, 44, 5, , 
2019/11/11, 11, 13, , 
2019/11/12, 17, 11, , 
2019/11/13, 29, 17, , 
2019/11/14, 52, 24, , 1
2019/11/15, 63, 27, , 
2019/11/16, 77, 26, , 
2019/11/17, 77, 16, , 
2019/11/18, 49, 16, , 
2019/11/19, 50, 18, , 
2019/11/20, 55, 9, , 
2019/11/21, 29, 7, , 
2019/11/22, 20, 12, , 
2019/11/23, 35, 14, , 
2019/11/24, 38, 15, , 
2019/11/25, 41, 10, , 
2019/11/26, 29, 5, , 
2019/11/27, 15, 4, , 
2019/11/28, 14, 8, , 
2019/11/29, 27, 12, , 
2019/11/30, 42, 4, , 
2019/12/1, 15, 6, , 
2019/12/2, 14, 10, , 
2019/12/3, 33, 9, , 
2019/12/4, 23, 13, , 
2019/12/5, 47, 12, , 
2019/12/6, 36, 13, , 
2019/12/7, 44, 22, , 
2019/12/8, 66, 19, , 
2019/12/9, 58, 12, , 
2019/12/10, 34, 14, , 
2019/12/11, 36, 17, , 
2019/12/12, 46, 25, , 
2019/12/13, 70, 25, , 
2019/12/14, 71, 10, , 
2019/12/15, 27, 24, , 1
2019/12/16, 37, 15, , 
2019/12/17, 48, 13, , 
2019/12/18, 24, 34, , 1
2019/12/19, 66, 33, , 1
2019/12/20, 87, 24, , 1
2019/12/21, 66, 16, , 
2019/12/22, 51, 19, , 
2019/12/23, 56, 24, , 1
2019/12/24, 71, 13, , 
2019/12/25, 44, 13, , 
2019/12/26, 43, 16, , 
2019/12/27, 55, 24, , 
2019/12/28, 73, , , 
2019/7/1, 30, 22, 36, 
2019/7/2, 45, 19, 38, 
2019/7/3, 45, 20, 36, 
2019/7/4, 47, 17, 36, 1
2019/7/5, 44, 35, 29, 
2019/7/6, 90, 34, 30, 
2019/7/7, 88, 53, 39, 
2019/7/8, 123, 34, 47, 1
2019/7/9, 74, 15, 36, 
2019/7/10, 30, 14, 39, 
2019/7/11, 32, 18, 40, 
2019/7/12, 43, 20, 34, 
2019/7/13, 34, 16, 40, 1
2019/7/14, 39, 18, 31, 1
2019/7/15, 30, 18, 33, 1
2019/7/16, 31, 14, 37, 1
2019/7/17, 29, 11, 33, 1
2019/7/18, 24, 17, 37, 1
2019/7/19, 35, 14, 28, 
2019/7/20, 27, 11, 26, 1
2019/7/21, 21, 11, 28, 1
2019/7/22, 21, 17, 32, 
2019/7/23, 41, 21, 38, 1
2019/7/24, 53, 23, 38, 1
2019/7/25, 57, 19, 37, 1
2019/7/26, 50, 23, 40, 1
2019/7/27, 54, 24, 41, 1
2019/7/28, 55, 12, 31, 1
2019/7/29, 26, 11, 28, 1
2019/7/30, 17, 12, 39, 1
2019/7/31, 22, 12, 39, 1
2019/8/1, 24, 16, 53, 1
2019/8/2, 29, 14, 37, 1
2019/8/3, 32, 13, 39, 1
2019/8/4, 29, 20, 42, 1
2019/8/5, 34, 14, 34, 1
2019/8/6, 25, 16, 33, 1
2019/8/7, 29, 10, 25, 
2019/8/8, 19, 13, 23, 1
2019/8/9, 21, 13, 31, 1
2019/8/10, 27, 14, 33, 
2019/8/11, 32, 15, 27, 1
2019/8/12, 38, 13, 31, 1
2019/8/13, 32, 11, 19, 1
2019/8/14, 24, 11, 30, 1
2019/8/15, 23, 11, 31, 1
2019/8/16, 24, 14, 36, 1
2019/8/17, 28, 7, 31, 
2019/8/18, 15, 11, 34, 1
2019/8/19, 21, 14, 37, 1
2019/8/20, 32, 11, 25, 1
2019/8/21, 23, 11, 26, 1
2019/8/22, 18, 10, 24, 
2019/8/23, 18, 11, 28, 
2019/8/24, 25, 11, 34, 1
2019/8/25, 29, 10, 22, 1
2019/8/26, 23, 11, 27, 1
2019/8/27, 15, 15, 24, 1
2019/8/28, 17, 18, 34, 1
2019/8/29, 21, 17, 29, 1
2019/8/30, 20, 11, 27, 1
2019/8/31, 26, 10, 35, 
2019/9/1, 25, 12, 29, 1
2019/9/2, 29, 13, 27, 1
2019/9/3, 28, 11, 17, 1
2019/9/4, 15, 9, 27, 1
2019/9/5, 21, 17, 23, 1
2019/9/6, 18, 11, 21, 
2019/9/7, 20, 10, 13, 
2019/9/8, 25, 13, 20, 1
2019/9/9, 34, 12, 35, 1
2019/9/10, 30, 15, 25, 1
2019/9/11, 36, 11, 24, 
2019/9/12, 24, 10, 21, 
2019/9/13, 13, 12, 26, 
2019/9/14, 21, 13, 27, 
2019/9/15, 30, 12, 28, 
2019/9/16, 27, 16, 36, 
2019/9/17, 41, 17, 37, 
2019/9/18, 46, 13, 28, 
2019/9/19, 33, 24, 38, 
2019/9/20, 57, 14, 22, 
2019/9/21, 39, 9, 27, 
2019/9/22, 20, 9, 23, 
2019/9/23, 18, 12, 34, 
2019/9/24, 19, 11, 29, 
2019/9/25, 16, 14, 27, 
2019/9/26, 17, 10, 24, 
2019/9/27, 18, 11, 21, 
2019/9/28, 28, 9, 15, 
2019/9/29, 25, 16, 26, 
2019/9/30, 42, 12, 16, 
2019/4/1, 31, 8, 32, 1
2019/4/2, 39, 4, 38, 
2019/4/3, 20, 7, 30, 
2019/4/4, 32, 13, 35, 
2019/4/5, 61, 14, 37, 1
2019/4/6, 63, 17, 29, 1
2019/4/7, 60, 7, 40, 1
2019/4/8, 27, 5, 39, 
2019/4/9, 13, 3, 25, 
2019/4/10, 11, 4, 29, 1
2019/4/11, 25, 7, 29, 1
2019/4/12, 21, 3, 33, 
2019/4/13, 12, 3, 34, 1
2019/4/14, 17, 4, 37, 1
2019/4/15, 26, 7, 33, 1
2019/4/16, 41, 27, 26, 1
2019/4/17, 63, 5, 32, 
2019/4/18, 20, 4, 36, 1
2019/4/19, 12, 5, 42, 1
2019/4/20, 32, 24, 45, 1
2019/4/21, 42, 13, 40, 1
2019/4/22, 29, 7, 36, 1
2019/4/23, 19, 14, 39, 1
2019/4/24, 43, 15, 37, 1
2019/4/25, 36, 11, 36, 
2019/4/26, 22, 8, 32, 
2019/4/27, 21, 8, 34, 1
2019/4/28, 24, 8, 27, 1
2019/4/29, 27, 11, 23, 
2019/4/30, 38, 7, 23, 
2019/5/1, 23, 12, 20, 
2019/5/2, 45, 9, 32, 1
2019/5/3, 31, 11, 38, 1
2019/5/4, 35, 12, 41, 
2019/5/5, 30, 11, 32, 
2019/5/6, 26, 9, 30, 
2019/5/7, 19, 12, 27, 1
2019/5/8, 30, 10, 28, 1
2019/5/9, 23, 8, 34, 1
2019/5/10, 13, 11, 34, 1
2019/5/11, 32, 10, 33, 1
2019/5/12, 31, 13, 37, 1
2019/5/13, 28, 17, 43, 1
2019/5/14, 36, 25, 41, 1
2019/5/15, 50, 29, 39, 1
2019/5/16, 58, 15, 25, 1
2019/5/17, 35, 18, 27, 1
2019/5/18, 48, 18, 27, 1
2019/5/19, 30, 7, 26, 1
2019/5/20, 12, 13, 26, 1
2019/5/21, 27, 23, 41, 1
2019/5/22, 38, 16, 30, 1
2019/5/23, 18, 17, 32, 1
2019/5/24, 39, 17, 38, 1
2019/5/25, 35, 14, 36, 1
2019/5/26, 31, 18, 28, 1
2019/5/27, 43, 13, 26, 1
2019/5/28, 34, 17, 31, 1
2019/5/29, 44, 16, 45, 1
2019/5/30, 26, 34, 47, 1
2019/5/31, 68, 38, 35, 1
2019/6/1, 83, 26, 37, 1
2019/6/2, 33, 19, 30, 1
2019/6/3, 28, 23, 41, 1
2019/6/4, 53, 18, 47, 1
2019/6/5, 39, 29, 54, 1
2019/6/6, 66, 25, 50, 1
2019/6/7, 56, 24, 44, 1
2019/6/8, 53, 22, 39, 1
2019/6/9, 53, 14, 37, 1
2019/6/10, 26, 21, 34, 1
2019/6/11, 37, 13, 27, 1
2019/6/12, 32, 12, 30, 1
2019/6/13, 22, 22, 40, 1
2019/6/14, 35, 21, 35, 1
2019/6/15, 49, 12, 18, 1
2019/6/16, 29, 18, 38, 1
2019/6/17, 41, 17, 36, 
2019/6/18, 44, 15, 27, 
2019/6/19, 39, 19, 31, 
2019/6/20, 51, 20, 31, 
2019/6/21, 52, 20, 38, 
2019/6/22, 50, 18, 33, 
2019/6/23, 50, 12, 33, 
2019/6/24, 27, 14, 36, 
2019/6/25, 29, 17, 45, 
2019/6/26, 34, 21, 48, 1
2019/6/27, 46, 18, 41, 
2019/6/28, 41, 26, 47, 
2019/6/29, 59, 23, 33, 1
2019/6/30, 50, 14, 36, 
2019/1/1, 16, 8, , 
2019/1/2, 30, 8, , 
2019/1/3, 33, 7, , 1
2019/1/4, 30, 8, , 1
2019/1/5, 33, 6, , 
2019/1/6, 28, 8, , 
2019/1/7, 42, 9, , 
2019/1/8, 38, 7, , 
2019/1/9, 25, 6, , 
2019/1/10, 27, 13, , 
2019/1/11, 54, 18, , 
2019/1/12, 63, 6, , 
2019/1/13, 36, 13, , 
2019/1/14, 57, 7, , 
2019/1/15, 36, 7, , 
2019/1/16, 27, 7, , 
2019/1/17, 35, 17, , 
2019/1/18, 34, 8, , 
2019/1/19, 16, 4, , 
2019/1/20, 20, 5, , 1
2019/1/21, 33, 12, , 
2019/1/22, 40, 11, , 
2019/1/23, 50, 12, , 
2019/1/24, 55, 7, , 
2019/1/25, 25, 7, , 1
2019/1/26, 40, 10, , 1
2019/1/27, 46, 11, , 
2019/1/28, 25, 6, , 
2019/1/29, 19, 5, , 1
2019/1/30, 23, 6, , 
2019/1/31, 25, 14, , 1
2019/2/1, 40, 17, , 1
2019/2/2, 74, 5, , 
2019/2/3, 51, 7, , 
2019/2/4, 42, 6, , 
2019/2/5, 27, 4, , 
2019/2/6, 30, 4, , 
2019/2/7, 26, 4, , 
2019/2/8, 16, 8, , 1
2019/2/9, 22, 15, , 1
2019/2/10, 60, 11, , 
2019/2/11, 67, 6, , 1
2019/2/12, 29, 6, , 
2019/2/13, 35, 13, , 1
2019/2/14, 54, 6, , 
2019/2/15, 33, 5, , 
2019/2/16, 27, 6, , 
2019/2/17, 28, 4, , 1
2019/2/18, 24, 8, , 2
2019/2/19, 56, 11, , 
2019/2/20, 45, 14, , 
2019/2/21, 66, 19, , 1
2019/2/22, 79, 18, , 
2019/2/23, 69, 8, , 1
2019/2/24, 29, 4, , 
2019/2/25, 16, 5, , 
2019/2/26, 19, 7, , 
2019/2/27, 31, 11, , 1
2019/2/28, 45, 10, , 1
2019/3/1, 40, 9, , 1
2019/3/2, 49, 5, , 1
2019/3/3, 22, 9, , 1
2019/3/4, 29, 8, , 
2019/3/5, 25, 8, , 
2019/3/6, 30, 10, , 
2019/3/7, 47, 20, , 1
2019/3/8, 68, 17, , 1
2019/3/9, 66, 9, , 
2019/3/10, 45, 8, , 
2019/3/11, 33, 10, , 1
2019/3/12, 46, 7, , 1
2019/3/13, 42, 17, , 1
2019/3/14, 25, 3, , 
2019/3/15, 15, 4, , 
2019/3/16, 19, 7, , 
2019/3/17, 38, 10, , 
2019/3/18, 45, 6, , 2
2019/3/19, 34, 12, , 
2019/3/20, 49, 6, , 1
2019/3/21, 31, 5, , 1
2019/3/22, 23, 7, , 
2019/3/23, 38, 9, , 1
2019/3/24, 49, 3, , 
2019/3/25, 15, 4, , 1
2019/3/26, 22, 9, , 1
2019/3/27, 37, 8, 30, 1
2019/3/28, 35, 4, 34, 
2019/3/29, 25, 8, 35, 1
2019/3/30, 19, 3, 35, 2
2019/3/31, 14, 11, 35, 1
2018/10/1, 16, 5, 16, 
2018/10/2, 15, 16, 27, 1
2018/10/3, 30, 8, 24, 1
2018/10/4, 11, , 15, 
2018/10/5, 18, , 11, 1
2018/10/6, 21, , 11, 
2018/10/7, 12, , 23, 1
2018/10/8, 26, , 27, 1
2018/10/9, 36, , 23, 
2018/10/10, 16, 4, 26, 
2018/10/11, 6, 3, 26, 
2018/10/12, 20, 7, 23, 
2018/10/13, 26, 7, 17, 
2018/10/14, 29, 4, 21, 
2018/10/15, 17, 7, 26, 
2018/10/16, 20, 5, 23, 
2018/10/17, 13, 12, , 1
2018/10/18, 23, 11, , 1
2018/10/19, 22, 8, , 
2018/10/20, 13, 9, , 1
2018/10/21, 16, 19, , 1
2018/10/22, 24, 3, , 1
2018/10/23, 19, 8, , 1
2018/10/24, 37, 15, , 1
2018/10/25, 44, 14, , 
2018/10/26, 58, 13, , 
2018/10/27, 58, 7, , 
2018/10/28, 31, 7, , 
2018/10/29, 31, 15, , 1
2018/10/30, 54, 10, , 
2018/10/31, 35, 8, , 1
2018/11/1, 35, 6, , 1
2018/11/2, 32, 6, , 
2018/11/3, 29, 5, , 
2018/11/4, 28, 5, , 
2018/11/5, 31, 4, , 
2018/11/6, 19, 4, , 
2018/11/7, 16, 5, , 
2018/11/8, 32, 7, , 
2018/11/9, 38, 4, , 
2018/11/10, 18, 7, , 
2018/11/11, 30, 6, , 
2018/11/12, 38, 5, , 
2018/11/13, 25, 18, , 1
2018/11/14, 50, 18, , 1
2018/11/15, 65, 14, , 
2018/11/16, 52, 5, , 
2018/11/17, 30, 5, , 
2018/11/18, 25, 8, , 
2018/11/19, 41, 6, , 
2018/11/20, 34, 10, , 
2018/11/21, 45, 14, , 
2018/11/22, 47, 15, , 1
2018/11/23, 60, 5, , 
2018/11/24, 37, 4, , 
2018/11/25, 23, 4, , 
2018/11/26, 16, 4, , 
2018/11/27, 22, 9, , 
2018/11/28, 39, 20, , 1
2018/11/29, 69, 17, , 1
2018/11/30, 77, 11, , 
2018/12/1, 60, 2, , 
2018/12/2, 11, 2, , 
2018/12/3, 9, 4, , 
2018/12/4, 22, 7, , 
2018/12/5, 35, 7, , 
2018/12/6, 33, 10, , 
2018/12/7, 34, 15, , 
2018/12/8, 53, 18, , 2
2018/12/9, 69, 22, , 2
2018/12/10, 74, 27, , 1
2018/12/11, 74, 28, , 
2018/12/12, 87, 30, , 
2018/12/13, 93, 15, , 1
2018/12/14, 83, 10, , 2
2018/12/15, 65, 10, , 1
2018/12/16, 57, 5, , 1
2018/12/17, 27, 8, , 1
2018/12/18, 42, 12, , 1
2018/12/19, 58, 16, , 
2018/12/20, 68, 3, , 
2018/12/21, 20, 6, , 
2018/12/22, 33, 8, , 
2018/12/23, 33, 6, , 
2018/12/24, 29, 11, , 1
2018/12/25, 55, 15, , 1
2018/12/26, 70, 9, , 
2018/12/27, 41, 4, , 
2018/12/28, 17, 3, , 
2018/12/29, 16, 9, , 
2018/12/30, 34, , , 
2018/7/1, 28, 8, 36, 1
2018/7/2, 18, 10, 49, 2
2018/7/3, 29, 18, 36, 1
2018/7/4, 51, 13, 33, 
2018/7/5, 33, 6, 35, 1
2018/7/6, 20, 5, 39, 2
2018/7/7, 20, 8, 42, 1
2018/7/8, 23, 18, 43, 1
2018/7/9, 30, 10, 35, 1
2018/7/10, 31, 11, 40, 1
2018/7/11, 38, 20, 40, 1
2018/7/12, 48, 18, 42, 1
2018/7/13, 47, 9, 37, 
2018/7/14, 27, 11, 45, 
2018/7/15, 43, 9, 28, 
2018/7/16, 26, 7, 28, 1
2018/7/17, 20, 7, 32, 1
2018/7/18, 23, 11, 35, 1
2018/7/19, 26, 6, 30, 
2018/7/20, 20, 12, 37, 1
2018/7/21, 39, 18, 31, 
2018/7/22, 60, 19, 40, 1
2018/7/23, 75, 14, 29, 
2018/7/24, 42, 11, 30, 
2018/7/25, 22, 8, 26, 
2018/7/26, 21, 6, 26, 
2018/7/27, 22, 7, 31, 
2018/7/28, 28, 10, 32, 
2018/7/29, 36, 8, 35, 1
2018/7/30, 38, 9, 40, 1
2018/7/31, 40, 13, 34, 
2018/8/1, 36, 8, 31, 1
2018/8/2, 27, 10, 34, 
2018/8/3, 35, 18, 39, 1
2018/8/4, 46, 15, 43, 1
2018/8/5, 50, 8, 37, 
2018/8/6, 26, 13, 17, 
2018/8/7, 43, 10, 31, 1
2018/8/8, 39, 16, 29, 
2018/8/9, 44, 13, 29, 
2018/8/10, 49, 16, 26, 1
2018/8/11, 57, 28, 35, 1
2018/8/12, 73, 23, 37, 
2018/8/13, 77, 22, 38, 1
2018/8/14, 74, 21, 30, 1
2018/8/15, 61, 16, 31, 
2018/8/16, 46, 15, 32, 
2018/8/17, 53, 19, 27, 1
2018/8/18, 61, 22, 32, 1
2018/8/19, 66, 21, 30, 1
2018/8/20, 63, 19, 32, 
2018/8/21, 65, 12, 26, 
2018/8/22, 45, 17, 34, 1
2018/8/23, 52, 13, 30, 1
2018/8/24, 49, 15, 32, 
2018/8/25, 60, 14, 33, 1
2018/8/26, 53, 22, 32, 1
2018/8/27, 62, 9, 30, 1
2018/8/28, 28, 6, 24, 
2018/8/29, 20, 8, 30, 
2018/8/30, 25, 9, 35, 1
2018/8/31, 32, 6, 30, 1
2018/9/1, 21, 7, 25, 
2018/9/2, 20, 5, 17, 
2018/9/3, 18, 12, 25, 1
2018/9/4, 26, 9, 22, 1
2018/9/5, 21, 10, 24, 
2018/9/6, 22, 6, 23, 1
2018/9/7, 18, 8, 24, 
2018/9/8, 20, 5, 25, 
2018/9/9, 13, 5, 33, 1
2018/9/10, 21, 9, 35, 1
2018/9/11, 24, 11, 38, 1
2018/9/12, 30, 12, 42, 1
2018/9/13, 26, 14, 38, 1
2018/9/14, 38, 16, 45, 1
2018/9/15, 39, 14, 37, 1
2018/9/16, 43, 14, 40, 1
2018/9/17, 34, 9, 21, 
2018/9/18, 24, 9, 17, 
2018/9/19, 29, 11, 32, 1
2018/9/20, 29, 6, 25, 1
2018/9/21, 15, 4, 28, 1
2018/9/22, 17, 12, 35, 1
2018/9/23, 25, 11, 35, 1
2018/9/24, 33, 11, 22, 
2018/9/25, 28, 6, 23, 
2018/9/26, 20, 9, 30, 1
2018/9/27, 21, 6, 21, 
2018/9/28, 15, 6, 19, 
2018/9/29, 19, 4, 17, 
2018/9/30, 15, 4, 15, 
2018/4/1, 18, , 34, 1
2018/4/2, 29, , 32, 1
2018/4/3, 30, , 36, 
2018/4/4, 21, , 36, 
2018/4/5, 29, , 38, 
2018/4/6, 26, , 37, 
2018/4/7, 21, , 40, 
2018/4/8, 24, , 36, 
2018/4/9, 32, , 36, 
2018/4/10, 34, , 36, 
2018/4/11, 46, , 29, 
2018/4/12, 65, , 33, 
2018/4/13, 16, , 35, 
2018/4/14, 11, , 33, 1
2018/4/15, 14, , 35, 
2018/4/16, 17, , 37, 
2018/4/17, 16, , 33, 
2018/4/18, 17, , 44, 
2018/4/19, 19, , 45, 1
2018/4/20, 29, , 42, 
2018/4/21, 46, , 49, 
2018/4/22, 40, , 49, 
2018/4/23, 36, , 54, 1
2018/4/24, 37, , 37, 
2018/4/25, 12, , 44, 
2018/4/26, 30, , 34, 
2018/4/27, 19, , 39, 
2018/4/28, 21, , 43, 
2018/4/29, 26, , 46, 
2018/4/30, 28, , 42, 
2018/5/1, 33, , 32, 
2018/5/8, 35, , 39, 
2018/5/9, 40, , 35, 
2018/5/10, 23, , 30, 
2018/5/11, 15, , 36, 
2018/5/12, 19, , 28, 
2018/5/13, 29, , 26, 
2018/5/14, 43, 14, 42, 1
2018/5/15, 34, 13, 49, 1
2018/5/16, 34, 17, 40, 1
2018/5/17, 39, 17, 46, 1
2018/5/18, 25, 12, 37, 
2018/5/19, 38, 8, 25, 
2018/5/20, 20, 5, 19, 
2018/5/21, 14, 6, 30, 
2018/5/22, 29, 9, 42, 1
2018/5/23, 29, 16, 54, 1
2018/5/24, 34, 17, 45, 1
2018/5/25, 38, 11, 53, 1
2018/5/26, 19, 15, 54, 1
2018/5/27, 36, 15, 56, 1
2018/5/28, 42, 20, 66, 1
2018/5/29, 42, 15, 41, 1
2018/5/30, 38, 12, 45, 1
2018/5/31, 25, 12, 35, 1
2018/6/1, 27, 10, 24, 1
2018/6/2, 20, 12, 28, 
2018/6/3, 13, 12, 47, 1
2018/6/4, 18, 10, 36, 1
2018/6/5, 20, 9, 32, 1
2018/6/6, 24, 11, 49, 1
2018/6/7, 35, 9, 35, 1
2018/6/8, 29, 10, 45, 
2018/6/9, 37, 12, 30, 
2018/6/10, 36, 20, 37, 1
2018/6/11, 34, 20, 32, 1
2018/6/12, 49, 10, 39, 1
2018/6/13, 19, 9, 39, 1
2018/6/14, 20, 15, 44, 2
2018/6/15, 35, 16, 38, 1
2018/6/16, 49, 19, 33, 1
2018/6/17, 45, 12, 27, 1
2018/6/18, 34, 10, 17, 
2018/6/19, 36, 14, 27, 1
2018/6/20, 43, 11, 26, 1
2018/6/21, 37, 14, 29, 1
2018/6/22, 27, 12, 35, 1
2018/6/23, 33, 12, 35, 1
2018/6/24, 39, 11, 34, 1
2018/6/25, 34, 13, 29, 1
2018/6/26, 37, 12, 39, 1
2018/6/27, 33, 10, 39, 1
2018/6/28, 28, 14, 32, 1
2018/6/29, 30, 16, 31, 1
2018/6/30, 39, 11, 33, 1
2018/1/1, 32, , , 2
2018/1/2, 34, , , 2
2018/1/3, 42, , , 2
2018/1/4, 26, , , 
2018/1/5, 37, , , 2
2018/1/6, 33, , , 2
2018/1/7, 41, , , 
2018/1/8, 46, , , 2
2018/1/9, 59, , , 
2018/1/10, 40, , , 
2018/1/11, 18, , , 
2018/1/12, 14, , , 2
2018/1/13, 25, , , 2
2018/1/14, 40, , , 2
2018/1/15, 41, , , 
2018/1/16, 37, , , 
2018/1/17, 44, , , 
2018/1/18, 47, , , 
2018/1/19, 45, , , 
2018/1/20, 56, , , 
2018/1/21, 71, , , 
2018/1/22, 14, , , 
2018/1/23, 19, , , 1
2018/1/24, 25, , , 
2018/1/25, 54, , , 
2018/1/26, 38, , , 
2018/1/27, 29, , , 
2018/1/28, 37, , , 1
2018/1/29, 21, , , 2
2018/1/30, 26, , , 
2018/1/31, 28, , , 1
2018/2/1, 14, , , 1
2018/2/2, 21, , , 
2018/2/3, 30, , , 
2018/2/4, 20, , , 
2018/2/5, 25, , , 
2018/2/6, 42, , , 
2018/2/7, 53, , , 
2018/2/8, 47, , , 
2018/2/9, 51, , , 1
2018/2/10, 44, , , 1
2018/2/11, 46, , 23, 
2018/2/12, 41, , 34, 1
2018/2/13, 59, , 36, 
2018/2/14, 71, , 27, 
2018/2/15, 56, , 32, 
2018/2/16, 24, , 26, 
2018/2/17, 30, , 32, 
2018/2/18, 39, , 19, 
2018/2/19, 28, , 24, 
2018/2/20, 20, , 30, 
2018/2/21, 26, , 27, 
2018/2/22, 27, , 24, 
2018/2/23, 31, , 26, 
2018/2/24, 43, , 37, 
2018/2/25, 19, , 33, 
2018/2/26, 26, , 33, 
2018/2/27, 23, , 28, 
2018/2/28, 46, , 33, 1
2018/3/1, 20, , 36, 1
2018/3/2, 26, , 35, 
2018/3/3, 22, , 35, 
2018/3/4, 17, , 30, 1
2018/3/5, 18, , 30, 
2018/3/6, 33, , 34, 
2018/3/7, 16, , 36, 
2018/3/8, 19, , 38, 
2018/3/9, 32, , 40, 
2018/3/10, 46, , 41, 
2018/3/11, 43, , 37, 2
2018/3/12, 38, , 36, 
2018/3/13, 20, , 36, 1
2018/3/14, 26, , 39, 
2018/3/15, 34, , 32, 
2018/3/16, 15, , 37, 
2018/3/17, 30, , 42, 1
2018/3/18, 48, , 36, 
2018/3/19, 23, , 32, 
2018/3/20, 12, , 35, 
2018/3/21, 18, , 38, 
2018/3/22, 26, , 37, 1
2018/3/23, 23, , 33, 
2018/3/24, 14, , 37, 
2018/3/25, 14, , 31, 1
2018/3/26, 36, , 27, 
2018/3/27, 34, , 31, 1
2018/3/28, 54, , 35, 
2018/3/29, 28, , 34, 
2018/3/30, 18, , 34, 
2018/3/31, 20, , 35, 
2017/10/1, 25, , 41, 2
2017/10/2, 34, , 33, 2
2017/10/3, 42, , 23, 
2017/10/4, 14, , 17, 2
2017/10/5, 17, , 21, 
2017/10/6, 34, , 25, 2
2017/10/7, 46, , 34, 
2017/10/8, 17, , 26, 2
2017/10/9, 31, , 20, 
2017/10/10, 18, , 20, 
2017/10/11, 16, , 23, 
2017/10/12, 21, , 17, 
2017/10/13, 41, , 20, 
2017/10/14, 29, , 26, 
2017/10/15, 13, , 26, 
2017/10/16, 22, , 33, 
2017/10/17, 22, , 36, 
2017/10/18, 27, , 33, 1
2017/10/19, 27, , 29, 2
2017/10/20, 47, , , 2
2017/10/21, 46, , , 2
2017/10/22, 23, , , 2
2017/10/23, 18, , , 
2017/10/24, 18, , , 2
2017/10/25, 22, , , 2
2017/10/26, 32, , , 1
2017/10/27, 16, , , 
2017/10/28, 14, , , 
2017/10/29, 22, , , 
2017/10/30, 25, , , 
2017/10/31, 17, , , 2
2017/11/1, 37, , , 
2017/11/2, 45, , , 
2017/11/3, 27, , , 
2017/11/4, 22, , , 
2017/11/5, 22, , , 
2017/11/6, 28, , , 1
2017/11/13, 64, , , 2
2017/11/14, 61, , , 2
2017/11/15, 33, , , 
2017/11/16, 11, , , 
2017/11/17, 39, , , 
2017/11/18, 25, , , 
2017/11/19, 28, , , 2
2017/11/20, 21, , , 
2017/11/21, 20, , , 
2017/11/22, 16, , , 1
2017/11/23, 33, , , 2
2017/11/24, 27, , , 1
2017/11/25, 17, , , 1
2017/11/26, 26, , , 2
2017/11/27, 47, , , 1
2017/11/28, 30, , , 
2017/11/29, 16, , , 
2017/11/30, 18, , , 2
2017/12/1, 20, , , 2
2017/12/2, 36, , , 2
2017/12/3, 68, , , 2
2017/12/4, 44, , , 
2017/12/5, 15, , , 
2017/12/6, 12, , , 
2017/12/7, 14, , , 
2017/12/8, 21, , , 
2017/12/9, 25, , , 
2017/12/10, 24, , , 2
2017/12/11, 41, , , 
2017/12/12, 13, , , 2
2017/12/13, 21, , , 1
2017/12/14, 13, , , 
2017/12/15, 20, , , 2
2017/12/16, 28, , , 
2017/12/17, 65, , , 
2017/12/18, 73, , , 
2017/12/19, 18, , , 1
2017/12/20, 18, , , 
2017/12/21, 35, , , 2
2017/12/22, 53, , , 2
2017/12/23, 41, , , 
2017/12/24, 17, , , 
2017/12/25, 19, , , 2
2017/12/26, 20, , , 2
2017/12/27, 36, , , 
2017/12/28, 46, , , 
2017/12/29, 54, , , 2
2017/12/30, 36, , , 2
2017/12/31, 24, , , 1
2017/7/1, 20, , 33, 
2017/7/2, 27, , 36, 
2017/7/3, 33, , 44, 
2017/7/4, 40, , 44, 2
2017/7/5, 49, , 42, 
2017/7/6, 34, , 32, 
2017/7/7, 24, , 28, 
2017/7/8, 20, , 37, 
2017/7/9, 26, , 44, 
2017/7/10, 20, , 39, 
2017/7/11, 33, , 34, 
2017/7/12, 26, , 27, 
2017/7/13, 24, , 18, 
2017/7/14, 19, , 30, 
2017/7/15, 18, , 26, 
2017/7/16, 36, , 33, 1
2017/7/17, 27, , 36, 
2017/7/18, 35, , 35, 
2017/7/19, 32, , 35, 
2017/7/20, 17, , 35, 
2017/7/21, 44, , 38, 
2017/7/22, 35, , 36, 
2017/7/23, 32, , 31, 
2017/7/24, 21, , 35, 
2017/7/25, 25, , 31, 
2017/7/26, 34, , 30, 
2017/7/27, 31, , 28, 
2017/7/28, 29, , 27, 
2017/7/29, 29, , 34, 
2017/7/30, 34, , 39, 
2017/7/31, 31, , 41, 
2017/8/1, 36, , 37, 1
2017/8/2, 41, , 33, 
2017/8/3, 25, , 24, 
2017/8/4, 16, , 27, 
2017/8/5, 21, , 28, 
2017/8/6, 28, , 29, 
2017/8/7, 22, , 34, 
2017/8/8, 30, , 36, 
2017/8/9, 35, , 38, 
2017/8/10, 35, , 29, 
2017/8/11, 21, , 29, 
2017/8/12, 31, , 26, 
2017/8/13, 44, , 34, 2
2017/8/14, 38, , 36, 
2017/8/15, 37, , 40, 
2017/8/16, 39, , 26, 
2017/8/17, 18, , 27, 
2017/8/18, 36, , 34, 
2017/8/19, 52, , 35, 2
2017/8/20, 48, , 30, 
2017/8/21, 46, , 30, 
2017/8/22, 22, , 26, 
2017/8/23, 27, , 31, 
2017/8/24, 22, , 33, 
2017/8/25, 22, , 34, 
2017/8/26, 37, , 31, 
2017/8/27, 46, , 28, 
2017/8/28, 42, , 40, 
2017/8/29, 47, , 34, 
2017/8/30, 37, , 21, 
2017/8/31, 58, , 28, 
2017/9/1, 19, , 10, 
2017/9/2, 31, , , 
2017/9/3, 50, , , 2
2017/9/4, 67, , , 
2017/9/9, 19, , 38, 1
2017/9/10, 29, , 30, 
2017/9/11, 33, , 49, 
2017/9/12, 44, , 55, 2
2017/9/13, 45, , 48, 2
2017/9/14, 48, , 43, 1
2017/9/15, 40, , 40, 2
2017/9/16, 57, , 30, 1
2017/9/17, 31, , 32, 
2017/9/18, 18, , 44, 
2017/9/19, 31, , 37, 2
2017/9/20, 48, , 30, 
2017/9/21, 29, , 31, 
2017/9/22, 48, , 45, 2
2017/9/23, 56, , 50, 2
2017/9/24, 57, , 42, 1
2017/9/25, 49, , 31, 1
2017/9/26, 27, , 20, 
2017/9/27, 20, , 31, 
2017/9/28, 15, , 25, 1
2017/9/29, 21, , 31, 1
2017/9/30, 18, , 35, 2
2017/4/1, 37, , 34, 
2017/4/2, 43, , 27, 
2017/4/3, 40, , 36, 
2017/4/4, 27, , 31, 
2017/4/5, 17, , 36, 
2017/4/6, 15, , 39, 
2017/4/7, 19, , 45, 1
2017/4/8, 33, , 42, 
2017/4/9, 43, , 35, 
2017/4/10, 38, , 24, 
2017/4/11, 14, , 38, 
2017/4/12, 28, , 40, 
2017/4/13, 27, , 37, 
2017/4/14, 45, , 39, 
2017/4/15, 44, , 40, 
2017/4/16, 12, , 38, 
2017/4/17, 20, , 44, 
2017/4/18, 21, , 28, 
2017/4/19, 23, , 25, 
2017/4/20, 11, , 35, 
2017/4/21, 15, , 39, 
2017/4/22, 31, , 48, 
2017/4/23, 42, , 54, 
2017/4/24, 23, , 48, 2
2017/4/25, 27, , 31, 1
2017/4/26, 32, , 21, 
2017/4/27, 9, , 31, 
2017/4/28, 13, , 37, 
2017/4/29, 15, , 31, 1
2017/4/30, 9, , 27, 
2017/5/1, 9, , 37, 
2017/5/2, 12, , 39, 
2017/5/3, 18, , 43, 
2017/5/4, 23, , 38, 
2017/5/5, 17, , 34, 
2017/5/6, 16, , 38, 
2017/5/7, 19, , 42, 
2017/5/8, 20, , 36, 
2017/5/9, 18, , 35, 
2017/5/10, 44, , 45, 
2017/5/11, 51, , 45, 
2017/5/18, 13, , 30, 
2017/5/19, 14, , 28, 
2017/5/20, 23, , 25, 
2017/5/21, 22, , 35, 
2017/5/22, 19, , 36, 
2017/5/23, 23, , 25, 
2017/5/24, 19, , 42, 
2017/5/25, 34, , 39, 
2017/5/26, 49, , 41, 
2017/5/27, 40, , 39, 
2017/5/28, 25, , 32, 
2017/5/29, 22, , 33, 
2017/5/30, 14, , 36, 
2017/5/31, 17, , 41, 
2017/6/1, 23, , 53, 
2017/6/2, 40, , 49, 
2017/6/3, 42, , 54, 
2017/6/4, 27, , 35, 
2017/6/5, 32, , 37, 
2017/6/6, 15, , 44, 
2017/6/7, 22, , 47, 
2017/6/8, 22, , 48, 
2017/6/9, 43, , 49, 
2017/6/10, 47, , 48, 
2017/6/11, 43, , 41, 
2017/6/12, 44, , 45, 
2017/6/13, 19, , 36, 
2017/6/14, 26, , 46, 
2017/6/15, 21, , 54, 
2017/6/16, 17, , 42, 
2017/6/17, 17, , 30, 
2017/6/18, 17, , 29, 
2017/6/19, 13, , 36, 
2017/6/20, 14, , 46, 
2017/6/21, 25, , 33, 
2017/6/22, 34, , 37, 
2017/6/23, 21, , 29, 
2017/6/24, 15, , 20, 
2017/6/25, 16, , 22, 
2017/6/26, 17, , 31, 
2017/6/27, 19, , 36, 
2017/6/28, 24, , 35, 
2017/6/29, 17, , 41, 
2017/6/30, 14, , 35, 
2017/1/2, 61, , , 
2017/1/3, 48, , , 
2017/1/4, 21, , , 
2017/1/5, 33, , , 
2017/1/12, 27, , , 
2017/1/13, 38, , , 
2017/1/14, 73, , , 2
2017/1/15, 71, , , 
2017/1/16, 62, , , 
2017/1/17, 29, , , 
2017/1/18, 36, , , 
2017/1/19, 61, , , 
2017/1/20, 32, , , 
2017/1/21, 40, , , 
2017/1/22, 41, , , 
2017/1/23, 30, , , 
2017/1/24, 21, , , 
2017/1/25, 15, , , 
2017/1/26, 13, , , 
2017/1/27, 28, , , 
2017/1/28, 50, , , 
2017/1/29, 17, , , 
2017/1/30, 21, , , 
2017/1/31, 37, , , 
2017/2/1, 23, , , 
2017/2/2, 24, , , 
2017/2/3, 28, , , 
2017/2/4, 28, , , 
2017/2/5, 45, , , 1
2017/2/6, 70, , , 
2017/2/7, 55, , , 
2017/2/8, 21, , , 
2017/2/9, 26, , , 
2017/2/10, 40, , , 
2017/2/11, 53, , , 
2017/2/12, 34, , , 
2017/2/13, 25, , 28, 
2017/2/14, 19, , 33, 2
2017/2/15, 17, , 30, 1
2017/2/16, 27, , 29, 
2017/2/17, 55, , 31, 
2017/2/18, 28, , 33, 2
2017/2/19, 48, , 30, 2
2017/2/20, 69, , 24, 
2017/2/21, 28, , 31, 
2017/2/22, 29, , 21, 
2017/2/23, 21, , 29, 
2017/2/24, 11, , 31, 
2017/2/25, 27, , 30, 
2017/2/26, 24, , 19, 
2017/2/27, 35, , 11, 
2017/2/28, 51, , 31, 
2017/3/1, 19, , 34, 
2017/3/2, 23, , 36, 1
2017/3/3, 26, , 28, 1
2017/3/4, 43, , 28, 
2017/3/5, 48, , 28, 
2017/3/6, 30, , 35, 
2017/3/7, 20, , 34, 
2017/3/8, 11, , 32, 1
2017/3/9, 15, , 32, 
2017/3/10, 21, , 33, 
2017/3/11, 18, , 33, 
2017/3/12, 22, , 32, 
2017/3/13, 20, , 34, 
2017/3/14, 21, , 37, 
2017/3/15, 28, , 39, 
2017/3/16, 47, , 28, 
2017/3/17, 47, , 25, 
2017/3/18, 19, , 31, 
2017/3/19, 29, , 32, 
2017/3/20, 40, , 37, 
2017/3/21, 26, , 36, 
2017/3/22, 18, , 29, 
2017/3/23, 32, , 24, 
2017/3/24, 45, , 25, 
2017/3/25, 23, , 16, 
2017/3/26, 22, , 14, 
2017/3/27, 24, , 34, 
2017/3/28, 32, , 27, 
2017/3/29, 27, , 28, 
2017/3/30, 16, , 35, 
2017/3/31, 18, , 40, 1
2020/1/1, , 9, , 
2018/12/31, , 3, , 
2018/5/2, , , 24, 
2018/5/3, , , 44, 
2018/5/4, , , 46, 
2018/5/5, , , 41, 
2018/5/6, , , 46, 
2018/5/7, , , 53, 
2017/9/8, , , 27, 
2017/5/12, , , 45, 
2017/5/13, , , 37, 
2017/5/14, , , 46, 2
2017/5/15, , , 48, 1
2017/5/16, , , 44, 2
2017/5/17, , , 33, 
2017/11/10, , , , 1
2017/11/12, , , , 2
2017/1/6, , , , 1
2017/1/9, , , , 1