date, pm25, pm10, o3, no2, so2
2020/1/2, 21, 9, 26, 7, 2
2020/1/3, 25, 10, 31, 1, 1
2020/1/4, 24, 8, 31, 2, 
2020/1/5, 24, 10, 29, 3, 1
2020/1/6, 17, 13, 26, 6, 1
2020/1/7, 24, 11, 21, 12, 1
2020/1/8, 24, 9, 27, 4, 1
2020/1/9, 25, 11, 27, 6, 1
2020/1/10, 23, 13, 19, 11, 3
2020/1/11, 31, 10, 32, 4, 1
2020/1/12, 26, 11, 26, 5, 2
2020/1/13, 26, 11, 28, 8, 2
2020/1/14, 28, 8, 25, 4, 1
2020/1/15, 17, 9, 26, 7, 
2020/1/16, 19, , , , 
2019/10/1, 49, 35, 35, 7, 4
2019/10/2, 55, 38, 38, 6, 2
2019/10/3, 64, 44, 37, 8, 10
2019/10/4, 53, 26, 33, 3, 2
2019/10/5, 28, 19, 22, 1, 
2019/10/6, 29, 20, 24, 3, 1
2019/10/7, 24, 21, 25, 6, 5
2019/10/8, 28, 18, 31, 4, 1
2019/10/9, 27, 17, 29, 5, 1
2019/10/10, 25, 14, 24, 3, 2
2019/10/11, 17, 25, 25, 1, 1
2019/10/12, 23, 18, 24, 2, 1
2019/10/13, 29, 14, 26, 2, 1
2019/10/14, 28, 10, 29, 2, 1
2019/10/15, 23, 12, 30, 5, 1
2019/10/16, 26, 14, 33, 8, 3
2019/10/17, 36, 17, 23, 5, 1
2019/10/18, 29, 15, 25, 6, 1
2019/10/19, 21, 12, 33, 3, 1
2019/10/20, 24, 11, 32, 5, 1
2019/10/21, 24, 11, 36, 2, 1
2019/10/22, 21, 11, 33, 3, 1
2019/10/23, 21, 16, 34, 6, 
2019/10/24, 30, 22, 34, 2, 
2019/10/25, 36, 11, 27, 5, 2
2019/10/26, 22, 13, 27, 4, 
2019/10/27, 26, 11, 32, 6, 1
2019/10/28, 27, 12, 13, 13, 1
2019/10/29, 22, 22, 28, 9, 2
2019/10/30, 50, 28, 30, 10, 
2019/10/31, 47, 26, 38, 8, 3
2019/11/1, 56, 12, 30, 5, 1
2019/11/2, 22, 15, 29, 5, 
2019/11/3, 30, 11, 29, 3, 1
2019/11/4, 25, 12, 26, 10, 5
2019/11/5, 24, 13, 28, 7, 5
2019/11/6, 37, 18, 26, 12, 3
2019/11/7, 39, 11, 30, 3, 1
2019/11/8, 18, 11, 29, 7, 5
2019/11/9, 30, 9, 26, 5, 1
2019/11/10, 25, 15, 18, 13, 3
2019/11/11, 25, 11, 26, 6, 1
2019/11/12, 23, 13, 28, 8, 2
2019/11/13, 30, 14, 27, 2, 8
2019/11/14, 32, 10, 24, 10, 2
2019/11/15, 29, 11, 28, 7, 1
2019/11/16, 25, 10, 30, 2, 1
2019/11/17, 26, 21, 22, 13, 6
2019/11/18, 42, 9, 29, 4, 2
2019/11/19, 18, 8, 28, 1, 1
2019/11/20, 30, 10, 26, 5, 2
2019/11/21, 21, 13, 23, 9, 
2019/11/22, 32, 11, 26, 3, 
2019/11/23, 24, 15, 22, 4, 1
2019/11/24, 16, 11, 24, 6, 4
2019/11/25, 25, 12, 25, 5, 
2019/11/26, 31, 14, 13, 10, 2
2019/11/27, 24, 8, 25, 3, 1
2019/11/28, 19, 9, 25, 8, 1
2019/11/29, 21, 8, 29, 7, 1
2019/11/30, 26, 16, 22, 11, 4
2019/12/1, 31, 26, 23, 12, 6
2019/12/2, 41, 7, 31, 3, 1
2019/12/3, 19, 8, 26, 7, 4
2019/12/4, 19, 8, 26, 4, 2
2019/12/5, 19, 7, 28, 3, 1
2019/12/6, 17, 10, 19, 11, 2
2019/12/7, 28, 10, 31, 3, 
2019/12/8, 28, 13, 29, 11, 1
2019/12/9, 30, 16, 18, 14, 3
2019/12/10, 30, 20, 15, 12, 2
2019/12/11, 34, 14, 28, 7, 1
2019/12/12, 26, 10, 25, 9, 1
2019/12/13, 20, 12, 29, 9, 4
2019/12/14, 29, 13, 30, 3, 1
2019/12/15, 28, 15, 21, 15, 4
2019/12/16, 33, 18, 14, 17, 2
2019/12/17, 34, 16, 30, 8, 1
2019/12/18, 33, 14, 26, 5, 
2019/12/19, 33, 9, 27, 5, 1
2019/12/20, 23, 9, 19, 9, 1
2019/12/21, 26, 15, 24, 6, 
2019/12/22, 36, 10, 26, 8, 
2019/12/23, 26, 10, 30, 4, 
2019/12/24, 22, 9, 27, 10, 5
2019/12/25, 23, 11, 27, 8, 
2019/12/26, 24, 10, 29, 4, 
2019/12/27, 21, 8, 31, 5, 1
2019/12/28, 27, 8, 11, 8, 
2019/12/29, 28, , , , 
2019/7/1, 28, 42, 33, 11, 6
2019/7/2, 51, 34, 30, 4, 1
2019/7/3, 47, 23, 34, 3, 1
2019/7/4, 25, 24, 37, 1, 1
2019/7/5, 29, 22, 30, 2, 
2019/7/6, 15, 16, 33, 1, 
2019/7/7, 13, 20, 26, 1, 1
2019/7/8, 27, 20, 26, 1, 1
2019/7/9, 23, 18, 30, 1, 1
2019/7/10, 23, 22, 25, 3, 1
2019/7/11, 27, 28, 27, 8, 3
2019/7/12, 35, 28, 27, 5, 3
2019/7/13, 37, 26, 36, 3, 1
2019/7/14, 30, 20, 21, 1, 1
2019/7/15, 20, 21, 19, 2, 1
2019/7/16, 25, 21, 25, 4, 1
2019/7/17, 26, 30, 25, 8, 6
2019/7/18, 37, 38, 20, 10, 11
2019/7/19, 46, 30, 24, 5, 4
2019/7/20, 29, 25, 23, 3, 3
2019/7/21, 30, 16, 15, 3, 
2019/7/22, 14, 28, 20, 2, 1
2019/7/23, 26, 26, 17, 3, 3
2019/7/24, 23, 30, 18, 5, 3
2019/7/25, 19, 42, 17, 7, 22
2019/7/26, 58, 43, 11, 6, 15
2019/7/27, 33, 38, 17, 7, 14
2019/7/28, 48, 49, 27, 10, 8
2019/7/29, 66, 45, 40, 7, 6
2019/7/30, 62, 52, 27, 13, 8
2019/7/31, 71, 56, 42, 12, 13
2019/8/1, 91, 51, 36, 10, 10
2019/8/2, 73, 44, 31, 7, 7
2019/8/3, 62, 37, 29, 7, 6
2019/8/4, 45, 36, 6, 5, 7
2019/8/5, 29, 43, 17, 9, 10
2019/8/6, 43, 48, 34, 8, 5
2019/8/7, 61, 44, 32, 8, 6
2019/8/8, 54, 47, 31, 12, 14
2019/8/9, 54, 45, 32, 6, 7
2019/8/10, 53, 42, 27, 2, 2
2019/8/11, 48, 37, 18, 3, 5
2019/8/12, 27, 38, 13, 3, 3
2019/8/13, 27, 38, 19, 1, 1
2019/8/14, 29, 56, 14, 2, 2
2019/8/15, 45, 61, 28, 6, 9
2019/8/16, 70, 49, 36, 7, 3
2019/8/17, 66, 37, 35, 2, 
2019/8/18, 48, 36, 37, 2, 
2019/8/19, 45, 31, 21, 3, 1
2019/8/20, 28, 33, 29, 3, 1
2019/8/21, 41, 32, 28, 5, 2
2019/8/22, 33, 40, 17, 9, 4
2019/8/23, 52, 39, 30, 7, 5
2019/8/24, 52, 34, 37, 4, 3
2019/8/25, 51, 30, 31, 3, 1
2019/8/26, 28, 29, 34, 4, 1
2019/8/27, 27, 37, 23, 11, 6
2019/8/28, 49, 31, 27, 6, 3
2019/8/29, 35, 35, 14, 8, 4
2019/8/30, 40, 33, 33, 4, 1
2019/8/31, 38, 36, 34, 5, 4
2019/9/1, 50, 33, 35, 3, 
2019/9/2, 34, 27, 26, 4, 1
2019/9/3, 31, 25, 33, 3, 
2019/9/4, 28, 29, 22, 4, 
2019/9/5, 36, 37, 32, 6, 5
2019/9/6, 46, 32, 12, 5, 6
2019/9/7, 36, 35, 8, 3, 3
2019/9/8, 28, 36, 11, 2, 1
2019/9/9, 23, 36, 16, 7, 8
2019/9/10, 39, 41, 26, 5, 2
2019/9/11, 52, 22, 33, 3, 1
2019/9/12, 20, 21, 25, 4, 1
2019/9/13, 23, 26, 22, 6, 2
2019/9/14, 24, 26, 24, 3, 1
2019/9/15, 19, 21, 21, 1, 1
2019/9/16, 23, 30, 29, 2, 1
2019/9/17, 36, 24, 30, 4, 1
2019/9/18, 30, 21, 30, 3, 1
2019/9/19, 25, 21, 31, 5, 1
2019/9/20, 21, 22, 30, 4, 
2019/9/21, 27, 20, 26, 2, 
2019/9/22, 30, 31, 23, 4, 4
2019/9/23, 22, 20, 24, 3, 1
2019/9/24, 24, 19, 32, 3, 
2019/9/25, 18, 19, 33, 6, 
2019/9/26, 19, 28, 43, 7, 3
2019/9/27, 33, 36, 30, 10, 7
2019/9/28, 33, 36, 22, 10, 7
2019/9/29, 36, 25, 28, 5, 1
2019/9/30, 36, 32, 30, 5, 1
2019/4/1, 23, 18, 37, 3, 
2019/4/2, 37, 19, 38, 6, 1
2019/4/3, 44, 20, 40, 11, 2
2019/4/4, 39, 27, 50, 12, 4
2019/4/5, 48, 24, 46, 3, 3
2019/4/6, 34, 23, 43, 3, 3
2019/4/7, 41, 15, 41, 2, 1
2019/4/8, 29, 14, 37, 3, 
2019/4/9, 29, 11, 36, 6, 
2019/4/10, 25, 10, 37, 2, 
2019/4/11, 18, 15, 39, 8, 3
2019/4/12, 35, 16, 42, 8, 2
2019/4/13, 34, 22, 43, 7, 3
2019/4/14, 36, 20, 44, 4, 3
2019/4/15, 28, 19, 47, 10, 10
2019/4/16, 38, 25, 40, 15, 8
2019/4/17, 42, 23, 36, 9, 8
2019/4/18, 41, 29, 46, 11, 10
2019/4/19, 57, 16, 41, 4, 5
2019/4/20, 37, 21, 38, 6, 3
2019/4/21, 38, 27, 55, 6, 1
2019/4/22, 53, 28, 47, 7, 7
2019/4/23, 51, 41, 30, 15, 14
2019/4/24, 63, 36, 29, 9, 13
2019/4/25, 55, 14, 39, 1, 1
2019/4/26, 22, 12, 34, 2, 
2019/4/27, 22, 11, 38, 3, 1
2019/4/28, 28, 15, 39, 5, 9
2019/4/29, 22, 19, 38, 5, 3
2019/4/30, 28, 20, 35, 4, 3
2019/5/1, 22, 16, 39, 2, 3
2019/5/2, 27, 20, 42, 6, 4
2019/5/3, 36, 19, 45, 4, 2
2019/5/4, 35, 26, 45, 4, 6
2019/5/5, 43, 28, 42, 5, 11
2019/5/6, 40, 13, 48, 2, 1
2019/5/7, 30, 21, 44, 8, 9
2019/5/8, 43, 28, 44, 13, 7
2019/5/9, 49, 29, 56, 8, 8
2019/5/10, 51, 29, 51, 7, 2
2019/5/11, 53, 16, 37, 1, 2
2019/5/12, 24, 16, 33, 3, 1
2019/5/13, 29, 27, 32, 13, 10
2019/5/14, 52, 29, 42, 8, 6
2019/5/15, 39, 24, 39, 6, 4
2019/5/16, 33, 21, 35, 7, 3
2019/5/17, 41, 25, 39, 6, 4
2019/5/18, 37, 29, 42, 6, 12
2019/5/19, 43, 30, 41, 4, 6
2019/5/20, 40, 36, 35, 4, 1
2019/5/21, 39, 25, 39, 4, 2
2019/5/22, 42, 23, 44, 8, 4
2019/5/23, 28, 36, 69, 15, 7
2019/5/24, 64, 38, 84, 12, 11
2019/5/25, 72, 50, 85, 12, 10
2019/5/26, 88, 55, 69, 14, 12
2019/5/27, 107, 49, 58, 13, 14
2019/5/28, 86, 26, 35, 6, 5
2019/5/29, 31, 22, 41, 8, 12
2019/5/30, 41, 29, 27, 13, 13
2019/5/31, 43, 28, 52, 3, 2
2019/6/1, 41, 30, 39, 5, 6
2019/6/2, 50, 34, 36, 8, 8
2019/6/3, 50, 29, 39, 7, 14
2019/6/4, 38, 28, 31, 11, 18
2019/6/5, 32, 35, 49, 8, 5
2019/6/6, 59, 37, 31, 9, 2
2019/6/7, 48, 18, 39, 2, 
2019/6/8, 15, 18, 34, 1, 1
2019/6/9, 23, 19, 29, 1, 
2019/6/10, 23, 21, 31, 1, 
2019/6/11, 19, 18, 34, 1, 
2019/6/12, 29, 28, 50, 6, 3
2019/6/13, 40, 29, 30, 7, 7
2019/6/14, 37, 22, 38, 4, 8
2019/6/15, 25, 22, 31, 3, 3
2019/6/16, 30, 16, 29, 3, 
2019/6/17, 19, 24, 32, 4, 2
2019/6/18, 22, 33, 46, 4, 5
2019/6/19, 41, 32, 40, 2, 2
2019/6/20, 43, 34, 27, 4, 3
2019/6/21, 47, 26, 32, 2, 1
2019/6/22, 21, 21, 26, 1, 1
2019/6/23, 18, 21, 24, 2, 1
2019/6/24, 23, 27, 37, 5, 2
2019/6/25, 30, 39, 40, 9, 8
2019/6/26, 55, 46, 32, 13, 9
2019/6/27, 60, 31, 35, 4, 7
2019/6/28, 37, 23, 28, 2, 1
2019/6/29, 22, 19, 24, 3, 2
2019/6/30, 18, 25, 19, 6, 2
2019/1/1, 13, 8, 30, 3, 1
2019/1/2, 17, 10, 32, 3, 2
2019/1/3, 25, 12, 26, 8, 4
2019/1/4, 24, 11, 34, 5, 1
2019/1/5, 22, 12, 31, 1, 1
2019/1/6, 27, 11, 27, 3, 
2019/1/7, 23, 15, 28, 8, 5
2019/1/8, 32, 9, 28, 3, 1
2019/1/9, 22, 13, 25, 9, 3
2019/1/10, 25, 14, 29, 3, 
2019/1/11, 27, 15, 28, 4, 1
2019/1/12, 27, 15, 27, 3, 1
2019/1/13, 25, 12, 28, 7, 
2019/1/14, 24, 17, 21, 12, 6
2019/1/15, 28, 19, 30, 4, 1
2019/1/16, 39, 14, 31, 6, 5
2019/1/17, 27, 11, 32, 2, 1
2019/1/18, 26, 14, 33, 6, 1
2019/1/19, 29, 14, 34, 7, 4
2019/1/20, 30, 12, 32, 4, 1
2019/1/21, 27, 13, 31, 6, 
2019/1/22, 32, 20, 29, 13, 8
2019/1/23, 32, 12, 31, 2, 1
2019/1/24, 25, 12, 27, 9, 
2019/1/25, 24, 12, 24, 4, 1
2019/1/26, 25, 8, 29, 2, 1
2019/1/27, 23, 15, 25, 12, 8
2019/1/28, 37, 16, 31, 3, 
2019/1/29, 40, 26, 32, 12, 3
2019/1/30, 55, 22, 33, 13, 2
2019/1/31, 44, 10, 30, 2, 
2019/2/1, 25, 12, 30, 6, 1
2019/2/2, 29, 21, 33, 8, 2
2019/2/3, 37, 17, 35, 6, 4
2019/2/4, 46, 24, 33, 7, 5
2019/2/5, 56, 26, 18, 18, 2
2019/2/6, 49, 25, 18, 16, 6
2019/2/7, 53, 12, 31, 2, 1
2019/2/8, 26, 12, 30, 3, 1
2019/2/9, 26, 10, 31, 2, 1
2019/2/10, 22, 17, 27, 7, 6
2019/2/11, 40, 13, 32, 5, 1
2019/2/12, 28, 15, 34, 5, 1
2019/2/13, 38, 13, 34, 2, 
2019/2/14, 27, 13, 34, 5, 1
2019/2/15, 27, 16, 37, 8, 
2019/2/16, 35, 19, 36, 3, 
2019/2/17, 43, 17, 34, 13, 2
2019/2/18, 36, 24, 26, 21, 6
2019/2/19, 42, 23, 34, 8, 2
2019/2/20, 35, 11, 35, 4, 1
2019/2/21, 31, 23, 41, 10, 2
2019/2/22, 48, 25, 38, 6, 1
2019/2/23, 57, 29, 41, 12, 6
2019/2/24, 69, 28, 38, 18, 2
2019/2/25, 63, 26, 43, 5, 3
2019/2/26, 62, 23, 39, 10, 3
2019/2/27, 57, 24, 32, 10, 2
2019/2/28, 49, 25, 40, 8, 2
2019/3/1, 57, 35, 40, 7, 1
2019/3/2, 77, 33, 32, 10, 2
2019/3/3, 65, 20, 40, 4, 
2019/3/4, 42, 32, 43, 10, 1
2019/3/5, 71, 31, 30, 15, 8
2019/3/6, 66, 18, 41, 4, 1
2019/3/7, 38, 16, 35, 5, 1
2019/3/8, 37, 24, 36, 14, 4
2019/3/9, 45, 20, 42, 10, 3
2019/3/10, 40, 10, 40, 3, 1
2019/3/11, 25, 21, 47, 7, 2
2019/3/12, 46, 16, 38, 7, 3
2019/3/13, 33, 14, 35, 6, 
2019/3/14, 35, 17, 43, 7, 2
2019/3/15, 33, 16, 39, 4, 2
2019/3/16, 27, 18, 40, 3, 2
2019/3/17, 41, 14, 40, 6, 2
2019/3/18, 35, 21, 39, 17, 5
2019/3/19, 36, 25, 48, 11, 3
2019/3/20, 47, 29, 33, 12, 3
2019/3/21, 45, 17, 40, 4, 1
2019/3/22, 29, 13, 37, 3, 2
2019/3/23, 30, 16, 39, 3, 1
2019/3/24, 35, 21, 39, 10, 4
2019/3/25, 37, 24, 47, 4, 5
2019/3/26, 56, 23, 42, 6, 1
2019/3/27, 37, 14, 48, 3, 1
2019/3/28, 39, 13, 38, 5, 
2019/3/29, 27, 17, 32, 4, 
2019/3/30, 30, 13, 36, 2, 1
2019/3/31, 25, 14, 38, 2, 1
2018/10/1, 34, 23, 39, 3, 1
2018/10/2, 31, 23, 31, 3, 1
2018/10/3, 26, 22, 27, 6, 1
2018/10/4, 25, 22, 29, 6, 1
2018/10/5, 34, 35, 30, 6, 5
2018/10/6, 40, 25, 30, 2, 6
2018/10/7, 26, 20, 32, 3, 1
2018/10/8, 16, 20, 30, 7, 1
2018/10/9, 28, 21, 30, 6, 1
2018/10/10, 28, 18, 22, 4, 1
2018/10/11, 22, 14, 23, 3, 1
2018/10/12, 20, 15, 26, 4, 1
2018/10/13, 23, 15, 23, 3, 1
2018/10/14, 24, 17, 24, 6, 1
2018/10/15, 24, 19, 24, 7, 1
2018/10/16, 30, 17, 26, 5, 1
2018/10/17, 28, 15, 27, 6, 1
2018/10/18, 29, 16, 21, 8, 1
2018/10/19, 21, 15, 22, 5, 1
2018/10/20, 26, 14, 31, 4, 1
2018/10/21, 31, 18, 31, 9, 1
2018/10/22, 30, 20, 28, 8, 
2018/10/23, 34, 19, 28, 4, 1
2018/10/24, 34, 27, 33, 4, 1
2018/10/25, 45, 23, 30, 8, 1
2018/10/26, 40, 23, 28, 6, 1
2018/10/27, 35, 18, 27, 5, 
2018/10/28, 28, 16, 27, 7, 2
2018/10/29, 34, 14, 26, 5, 1
2018/10/30, 24, 10, 24, 2, 1
2018/10/31, 17, 12, 26, 5, 
2018/11/1, 16, 13, 25, 9, 1
2018/11/2, 20, 16, 32, 6, 1
2018/11/3, 26, 20, 34, 6, 2
2018/11/4, 40, 24, 24, 7, 
2018/11/5, 41, 25, 16, 7, 
2018/11/6, 40, 19, 30, 3, 2
2018/11/7, 36, 22, 29, 6, 
2018/11/8, 41, 21, 22, 9, 
2018/11/9, 24, 16, 31, 7, 
2018/11/10, 29, 26, 33, 4, 2
2018/11/11, 55, 29, 27, 7, 2
2018/11/12, 54, 17, 29, 3, 1
2018/11/13, 32, 14, 27, 4, 2
2018/11/14, 19, 14, 25, 9, 1
2018/11/15, 23, 15, 23, 10, 2
2018/11/16, 20, 16, 25, 6, 1
2018/11/17, 32, 14, 25, 4, 2
2018/11/18, 21, 13, 24, 4, 
2018/11/19, 16, 14, 28, 3, 1
2018/11/20, 23, 16, 25, 11, 5
2018/11/21, 31, 14, 26, 5, 
2018/11/22, 28, 8, 25, 1, 1
2018/11/23, 13, 11, 26, 4, 1
2018/11/24, 19, 13, 24, 5, 
2018/11/25, 21, 16, 27, 9, 1
2018/11/26, 35, 21, 19, 13, 4
2018/11/27, 34, 25, 30, 11, 6
2018/11/28, 50, 25, 26, 6, 2
2018/11/29, 41, 16, 24, 4, 
2018/11/30, 23, 16, 26, 7, 6
2018/12/1, 28, 16, 29, 6, 1
2018/12/2, 29, 26, 8, 14, 2
2018/12/3, 35, 42, 17, 13, 6
2018/12/4, 55, 17, 31, 3, 3
2018/12/5, 31, 13, 24, 5, 1
2018/12/6, 15, 12, 25, 5, 1
2018/12/7, 23, 7, 24, 5, 1
2018/12/8, 21, 8, 26, 2, 1
2018/12/9, 15, 10, 29, 2, 1
2018/12/10, 22, 10, 25, 6, 2
2018/12/11, 23, 9, 29, 3, 1
2018/12/12, 16, 13, 31, 8, 1
2018/12/13, 26, 14, 30, 4, 1
2018/12/14, 28, 14, 30, 7, 1
2018/12/15, 35, 18, 27, 8, 3
2018/12/16, 28, 17, 26, 11, 2
2018/12/17, 28, 13, 31, 8, 1
2018/12/18, 30, 12, 28, 5, 6
2018/12/19, 30, 13, 31, 2, 
2018/12/20, 25, 18, 31, 9, 1
2018/12/21, 34, 19, 31, 9, 1
2018/12/22, 39, 19, 28, 6, 2
2018/12/23, 37, 9, 31, 1, 1
2018/12/24, 18, 12, 28, 9, 5
2018/12/25, 29, 17, 18, 16, 5
2018/12/26, 27, 10, 24, 5, 
2018/12/27, 18, 8, 28, 2, 1
2018/12/28, 19, 8, 28, 1, 2
2018/12/29, 24, 9, 27, 1, 1
2018/12/30, 16, , , , 
2018/7/1, 52, 29, 35, 9, 8
2018/7/2, 62, 31, 28, 13, 14
2018/7/3, 55, 25, 5, 9, 16
2018/7/4, 51, 22, 10, 9, 11
2018/7/5, 41, 8, 20, 2, 1
2018/7/6, 13, 17, 15, 6, 14
2018/7/7, 34, 24, 8, 6, 11
2018/7/8, 44, 21, 12, 8, 9
2018/7/9, 36, 25, 16, 12, 16
2018/7/10, 39, 32, 33, 12, 16
2018/7/11, 56, 17, 25, 7, 7
2018/7/12, 33, 35, 30, 16, 15
2018/7/13, 59, 26, 27, 7, 5
2018/7/14, 58, 29, 30, 7, 9
2018/7/15, 64, 41, 28, 15, 14
2018/7/16, 81, 44, 27, 15, 15
2018/7/17, 85, 43, 36, 15, 16
2018/7/18, 84, 36, 39, 9, 7
2018/7/19, 74, 35, 17, 13, 21
2018/7/20, 65, 32, 16, 13, 17
2018/7/21, 57, 40, 40, 10, 9
2018/7/22, 77, 24, 29, 9, 5
2018/7/23, 42, 24, 28, 6, 5
2018/7/24, 44, 22, 24, 1, 
2018/7/25, 44, 13, 23, 5, 
2018/7/26, 39, 12, 22, 5, 
2018/7/27, 32, 20, 15, 1, 
2018/7/28, 20, 34, 11, 2, 1
2018/7/29, 31, 20, 10, 1, 4
2018/7/30, 22, 18, 10, 4, 4
2018/7/31, 31, 29, 37, 9, 9
2018/8/1, 58, 22, 31, 5, 2
2018/8/2, 38, 25, 31, , 2
2018/8/3, 37, 29, 35, 4, 6
2018/8/4, 46, 44, 41, 9, 11
2018/8/5, 67, 22, 24, 1, 2
2018/8/6, 32, 12, 23, 1, 
2018/8/7, 15, 25, 21, , 
2018/8/8, 17, 33, 28, 2, 1
2018/8/9, 28, 44, 40, 6, 2
2018/8/10, 60, 33, 23, 5, 10
2018/8/11, 40, 28, 18, 2, 2
2018/8/12, 37, 32, 15, 5, 7
2018/8/13, 47, 38, 28, 7, 7
2018/8/14, 47, 34, 16, 7, 21
2018/8/15, 34, 32, 15, 6, 23
2018/8/16, 39, 17, 22, 1, 1
2018/8/17, 23, 16, 23, 3, 1
2018/8/18, 20, 18, 23, 4, 4
2018/8/19, 27, 21, 21, 5, 4
2018/8/20, 32, 37, 23, 8, 13
2018/8/21, 43, 39, 12, 7, 28
2018/8/22, 49, 39, 8, 4, 14
2018/8/23, 39, 47, 9, 3, 8
2018/8/24, 46, 37, 21, 7, 11
2018/8/25, 42, 34, 18, 5, 8
2018/8/26, 40, 27, 31, 3, 2
2018/8/27, 32, 19, 24, 4, 1
2018/8/28, 21, 17, 21, 2, 2
2018/8/29, 18, 36, 28, 8, 6
2018/8/30, 46, 39, 20, 10, 8
2018/8/31, 52, 22, 22, 3, 2
2018/9/1, 16, 22, 20, 3, 
2018/9/2, 27, 25, 18, 4, 2
2018/9/3, 26, 41, 8, 4, 3
2018/9/4, 31, 42, 33, 6, 6
2018/9/5, 49, 34, 36, 5, 2
2018/9/6, 51, 43, 17, 10, 18
2018/9/7, 65, 32, 23, 4, 21
2018/9/8, 41, 21, 24, 1, 1
2018/9/9, 17, 18, 23, 5, 3
2018/9/10, 22, 15, 27, 2, 
2018/9/11, 14, 17, 29, 5, 
2018/9/12, 24, 25, 25, 7, 3
2018/9/13, 32, 27, 26, 7, 4
2018/9/14, 32, 23, 24, 5, 1
2018/9/15, 26, 23, 27, 3, 3
2018/9/16, 22, 26, 29, 6, 3
2018/9/17, 34, 23, 25, 6, 5
2018/9/18, 34, 20, 32, 6, 1
2018/9/19, 23, 22, 21, 8, 2
2018/9/20, 32, 15, 32, 3, 1
2018/9/21, 18, 20, 27, 5, 4
2018/9/22, 24, 27, , 6, 
2018/9/23, 25, , , , 
2018/9/25, 24, 16, 24, 2, 1
2018/9/26, 23, 16, 23, 4, 
2018/9/27, 21, 17, 28, 6, 1
2018/9/28, 24, 23, 21, 8, 6
2018/9/29, 29, 18, 20, 3, 1
2018/9/30, 15, 33, 28, 3, 3
2018/4/1, 51, 27, 51, 6, 3
2018/4/2, 62, 42, 46, 15, 14
2018/4/3, 80, 39, 48, 10, 5
2018/4/4, 80, 10, 40, 4, 8
2018/4/5, 30, 31, 30, 9, 12
2018/4/6, 56, 11, 36, 3, 2
2018/4/7, 37, 18, 39, 3, 2
2018/4/8, 42, 14, 47, 6, 4
2018/4/9, 38, 16, 45, 6, 3
2018/4/10, 45, 35, 30, 14, 15
2018/4/11, 66, 17, 43, 4, 2
2018/4/12, 42, 14, 43, 2, 
2018/4/13, 29, 20, 37, 9, 8
2018/4/14, 39, 19, 41, 5, 5
2018/4/15, 34, 21, 40, 5, 
2018/4/16, 35, 16, 36, 7, 
2018/4/17, 28, 20, 37, 7, 
2018/4/18, 40, 23, 47, 10, 11
2018/4/19, 50, 29, 64, 9, 3
2018/4/20, 65, 42, 63, 18, 14
2018/4/21, 85, 44, 84, 14, 9
2018/4/22, 90, 31, 62, 2, 1
2018/4/23, 61, 24, 34, 7, 3
2018/4/24, 53, 12, 26, 6, 1
2018/4/25, 18, 13, 34, 7, 10
2018/4/26, 26, 22, 38, 15, 12
2018/4/27, 48, 24, 58, 4, 3
2018/4/28, 61, 35, 53, 9, 17
2018/4/29, 72, 31, 37, 9, 34
2018/4/30, 57, 28, 62, 7, 4
2018/5/1, 63, 33, 44, 6, 3
2018/5/2, 75, 23, 38, 5, 9
2018/5/3, 40, 13, 39, 2, 
2018/5/4, 32, 21, 51, 7, 5
2018/5/5, 58, 28, 68, 7, 12
2018/5/6, 58, 24, 51, 3, 9
2018/5/7, 51, 13, 37, 2, 1
2018/5/8, 31, 9, 36, 2, 
2018/5/9, 20, 13, 34, 5, 4
2018/5/10, 33, 21, 43, 9, 11
2018/5/11, 44, 35, 61, 14, 11
2018/5/12, 67, 27, 38, 9, 9
2018/5/13, 52, 19, 43, 7, 3
2018/5/14, 40, 24, 56, 8, 13
2018/5/15, 47, 37, 54, 16, 24
2018/5/16, 74, 42, 37, 19, 17
2018/5/17, 77, 17, 39, 4, 4
2018/5/18, 39, 13, 34, 5, 3
2018/5/19, 31, 11, 34, 6, 4
2018/5/20, 25, 18, 34, 12, 10
2018/5/21, 46, 22, 58, 10, 10
2018/5/22, 49, 20, 31, 10, 8
2018/5/23, 44, 13, 38, 5, 3
2018/5/24, 34, 23, 40, 9, 4
2018/5/25, 41, 27, 51, 3, 1
2018/5/26, 56, 18, 42, 2, 
2018/5/27, 36, 27, 39, 8, 5
2018/5/28, 55, 31, 38, 11, 20
2018/5/29, 61, 27, 30, 10, 13
2018/5/30, 47, 16, 38, 4, 3
2018/5/31, 32, 11, 49, 3, 1
2018/6/1, 26, 15, 42, 6, 5
2018/6/2, 35, 17, 45, 5, 3
2018/6/3, 41, 11, 37, 3, 1
2018/6/4, 29, 12, 31, 6, 2
2018/6/5, 21, 23, 29, 11, 5
2018/6/6, 49, 22, 54, 8, 5
2018/6/7, 46, 29, 39, 11, 10
2018/6/8, 51, 26, 48, 6, 4
2018/6/9, 60, 12, 34, 1, 1
2018/6/10, 26, 9, 29, 1, 1
2018/6/11, 19, 10, 27, 2, 
2018/6/12, 23, 13, 29, 3, 3
2018/6/13, 30, 11, 36, 2, 1
2018/6/14, 22, 11, 28, 2, 
2018/6/15, 24, 8, 24, 2, 
2018/6/16, 18, 9, 24, 4, 5
2018/6/17, 22, 14, 22, 9, 5
2018/6/18, 28, 14, 24, 4, 1
2018/6/19, 28, 15, 34, 3, 2
2018/6/20, 27, 14, 29, 9, 10
2018/6/21, 32, 20, 39, 9, 6
2018/6/22, 47, 30, 36, 11, 7
2018/6/23, 64, 30, 51, 9, 6
2018/6/24, 64, 23, 44, 6, 2
2018/6/25, 53, 26, 42, 9, 9
2018/6/26, 63, 27, 25, 11, 9
2018/6/27, 48, 33, 11, 14, 10
2018/6/28, 60, 23, 16, 7, 13
2018/6/29, 40, 23, 13, 7, 16
2018/6/30, 38, 26, 12, 7, 12
2018/1/1, 21, 10, 29, 4, 1
2018/1/2, 26, 8, 28, 1, 
2018/1/3, 15, 8, 29, 2, 
2018/1/4, 20, 12, 23, 13, 4
2018/1/5, 21, 11, 29, 8, 
2018/1/6, 22, 10, 30, 3, 
2018/1/7, 23, 18, 24, 10, 4
2018/1/8, 35, 13, 31, 8, 1
2018/1/9, 24, 11, 27, 8, 3
2018/1/10, 26, 9, 26, 9, 3
2018/1/11, 19, 9, 24, 8, 
2018/1/12, 19, 10, 26, 9, 2
2018/1/13, 22, 8, 31, 4, 
2018/1/14, 18, 15, 20, 19, 4
2018/1/15, 38, 20, 30, 16, 4
2018/1/16, 45, 15, 32, 12, 
2018/1/17, 37, 9, 32, 7, 1
2018/1/18, 25, 15, 33, 4, 
2018/1/19, 38, 17, 25, 13, 3
2018/1/20, 38, 14, 31, 8, 6
2018/1/21, 37, 9, 30, 3, 1
2018/1/22, 25, 9, 32, 5, 7
2018/1/23, 23, 8, 28, 6, 1
2018/1/24, 22, 8, 27, 4, 
2018/1/25, 11, 7, 29, 4, 
2018/1/26, 18, 9, 32, 3, 1
2018/1/27, 29, 11, 31, 6, 3
2018/1/28, 27, 13, 32, 8, 
2018/1/29, 28, , 29, 7, 
2018/1/30, 24, 16, 24, 18, 2
2018/1/31, 32, 14, 33, 6, 1
2018/2/1, 31, 16, 26, 6, 2
2018/2/2, 31, 16, 30, 9, 3
2018/2/3, 32, 16, 36, 4, 3
2018/2/4, 32, 16, 33, 4, 2
2018/2/5, 29, 17, 27, 13, 8
2018/2/6, 31, 11, 29, 10, 1
2018/2/7, 25, 13, 30, 10, 2
2018/2/8, 14, 22, 34, 15, 6
2018/2/9, 51, 32, 36, 17, 7
2018/2/10, 66, 18, 35, 4, 2
2018/2/11, 39, 11, 33, 4, 2
2018/2/12, 17, 13, 30, 9, 
2018/2/13, 29, 20, 28, 17, 3
2018/2/14, 35, 19, 34, 6, 9
2018/2/15, 42, 14, 35, 4, 
2018/2/16, 28, 17, 32, 7, 5
2018/2/17, 33, 12, 33, 1, 
2018/2/18, 26, 14, 32, 8, 2
2018/2/19, 26, 17, 36, 13, 
2018/2/20, 34, 13, 35, 5, 
2018/2/21, 26, 15, 33, 4, 
2018/2/22, 38, 17, 30, 11, 
2018/2/23, 23, 20, 37, 7, 9
2018/2/24, 47, 16, 36, 4, 1
2018/2/25, 35, 18, 37, 8, 2
2018/2/26, 38, 21, 38, 13, 3
2018/2/27, 39, 24, 40, 9, 
2018/2/28, 54, 26, 42, 3, 1
2018/3/1, 31, 13, 39, 2, 
2018/3/2, 31, 20, 37, 8, 3
2018/3/3, 38, 34, 37, 12, 12
2018/3/4, 65, 23, 33, 11, 1
2018/3/5, 54, 13, 35, 3, 
2018/3/6, 30, 15, 36, 3, 2
2018/3/7, 30, 20, 28, 7, 1
2018/3/8, 27, 32, 32, 3, 
2018/3/9, 37, 12, 35, 2, 
2018/3/10, 25, 16, 32, 7, 3
2018/3/11, 29, 19, 39, 4, 1
2018/3/12, 43, 27, 41, 16, 5
2018/3/13, 51, 47, 35, 29, 11
2018/3/14, 95, 42, 40, 22, 10
2018/3/15, 83, 24, 35, 11, 7
2018/3/16, 47, 16, 37, 6, 
2018/3/17, 27, 21, 38, 10, 7
2018/3/18, 40, 20, 38, 10, 3
2018/3/19, 40, 16, 39, 3, 2
2018/3/20, 31, 16, 36, 4, 2
2018/3/21, 28, 20, 40, 4, 1
2018/3/22, 13, 7, 35, 3, 2
2018/3/23, 16, 11, 39, 7, 2
2018/3/24, 27, 24, 49, 7, 4
2018/3/25, 59, 36, 54, 18, 18
2018/3/26, 76, 32, 67, 14, 2
2018/3/27, 68, 43, 65, 15, 6
2018/3/28, 93, 41, 66, 18, 9
2018/3/29, 95, 16, 45, 3, 1
2018/3/30, 42, 15, 44, 10, 6
2018/3/31, 34, 25, 48, 9, 6
2017/10/1, 42, 21, 25, 14, 7
2017/10/2, 46, 19, 29, 7, 3
2017/10/3, 42, 10, 28, 2, 
2017/10/4, 22, 12, 29, 6, 
2017/10/5, 15, 11, 19, 8, 
2017/10/6, 20, 14, 30, 5, 
2017/10/7, 20, 12, 28, 2, 
2017/10/8, 27, 15, 28, 5, 3
2017/10/9, 32, 28, 30, 13, 4
2017/10/10, 56, 17, 29, 4, 1
2017/10/11, 34, 23, 25, 8, 3
2017/10/12, 55, 7, 26, 4, 
2017/10/13, 17, 7, 24, 4, 
2017/10/14, 12, 12, 16, 4, 
2017/10/15, 21, 13, 20, 6, 
2017/10/16, 19, 13, 25, 9, 
2017/10/17, 30, 14, 32, 6, 
2017/10/18, 42, 11, 24, 6, 
2017/10/19, 30, 7, 28, 4, 
2017/10/20, 14, 15, 29, 1, 
2017/10/21, 22, 8, 33, 1, 
2017/10/22, 13, 21, 32, 2, 
2017/10/23, 20, 15, 24, 7, 
2017/10/24, 31, 16, 20, 7, 
2017/10/25, 32, 15, 33, 8, 1
2017/10/26, 42, 18, 32, 9, 2
2017/10/27, 44, 19, 27, 8, 
2017/10/28, 41, 10, 29, 3, 
2017/10/29, 20, 10, 31, 2, 
2017/10/30, 23, 10, 28, 5, 1
2017/10/31, 24, 16, 19, 15, 3
2017/11/1, 27, 18, 35, 11, 1
2017/11/2, 37, 20, 35, 6, 2
2017/11/3, 43, 18, 32, 6, 1
2017/11/4, 41, 16, 29, 5, 
2017/11/5, 44, 23, 25, 17, 4
2017/11/6, 55, 31, 29, 18, 6
2017/11/7, 64, 28, 14, 14, 2
2017/11/8, 61, 17, 31, 3, 
2017/11/9, 39, 17, 24, 12, 4
2017/11/10, 33, 16, 27, 7, 5
2017/11/11, 36, 11, 30, 4, 
2017/11/12, 23, 14, 29, 9, 3
2017/11/13, 28, 21, 22, 12, 3
2017/11/14, 36, 14, 29, 8, 
2017/11/15, 34, 9, 25, 4, 
2017/11/16, 20, 12, 28, 11, 1
2017/11/17, 27, 15, 21, 13, 3
2017/11/18, 39, 8, 30, 1, 
2017/11/19, 15, 10, 23, 8, 2
2017/11/20, 25, 9, 28, 6, 
2017/11/21, 23, 18, 17, 18, 6
2017/11/22, 40, 13, 29, 9, 
2017/11/23, 26, 8, 24, 9, 6
2017/11/24, 23, 8, 24, 10, 
2017/11/25, 16, 13, 26, 8, 3
2017/11/26, 28, 13, 31, 3, 
2017/11/27, 33, 16, 25, 11, 
2017/11/28, 31, 18, 38, 9, 6
2017/11/29, 46, 13, 26, 7, 
2017/11/30, 31, 9, 21, 5, 
2017/12/1, 22, 9, 24, 7, 
2017/12/2, 17, 14, 18, 10, 5
2017/12/3, 27, 15, 26, 11, 
2017/12/4, 29, 9, 27, 5, 
2017/12/5, 19, 9, 25, 6, 
2017/12/6, 19, 12, 17, 13, 
2017/12/7, 26, 14, 24, 10, 
2017/12/8, 30, 10, 26, 9, 
2017/12/9, 18, 13, 25, 11, 4
2017/12/10, 29, 12, 26, 10, 3
2017/12/11, 29, 6, 26, 5, 
2017/12/12, 21, 8, 27, 5, 
2017/12/13, 18, 8, 27, 5, 
2017/12/14, 22, 12, 21, 16, 2
2017/12/15, 28, 15, 22, 17, 6
2017/12/16, 35, 9, 30, 3, 
2017/12/17, 22, 12, 25, 13, 3
2017/12/18, 31, 13, 26, 12, 4
2017/12/19, 31, 12, 26, 12, 3
2017/12/20, 24, 12, 25, 12, 2
2017/12/21, 24, 16, 23, 16, 8
2017/12/22, 34, 16, 33, 5, 1
2017/12/23, 46, 27, 13, 16, 
2017/12/24, 51, 16, 32, 5, 2
2017/12/25, 41, 9, 29, 5, 4
2017/12/26, 23, 8, 28, 2, 
2017/12/27, 18, 7, 31, 1, 
2017/12/28, 18, 8, 31, 3, 
2017/12/29, 19, 8, 31, 4, 
2017/12/30, 19, 10, 18, 6, 
2017/12/31, 17, 10, 28, 1, 1
2017/7/1, 43, 26, 47, 10, 11
2017/7/2, 48, 33, 22, 16, 12
2017/7/3, 63, 23, 18, 16, 11
2017/7/4, 50, 19, 33, 9, 6
2017/7/5, 37, 22, 32, 8, 5
2017/7/6, 49, 23, 36, 9, 5
2017/7/7, 53, 29, 42, 9, 6
2017/7/8, 65, 35, 59, 9, 7
2017/7/9, 84, 35, 38, 10, 10
2017/7/10, 75, 22, 19, 9, 13
2017/7/11, 38, 26, 24, 12, 14
2017/7/12, 56, 28, 24, 12, 11
2017/7/13, 58, 22, 15, 11, 17
2017/7/14, 46, 21, 16, 12, 13
2017/7/15, 41, 36, 39, 10, 8
2017/7/16, 71, 33, 29, 12, 12
2017/7/17, 70, 20, 30, 7, 3
2017/7/18, 37, 17, 30, 5, 6
2017/7/19, 38, 23, 29, 10, 9
2017/7/20, 47, 24, 28, 8, 12
2017/7/21, 49, 23, 13, 8, 14
2017/7/22, 53, 22, 11, 8, 18
2017/7/23, 45, 28, 9, 12, 12
2017/7/24, 50, 21, 27, 5, 6
2017/7/25, 43, 14, 33, 2, 2
2017/7/26, 35, 16, 30, 2, 1
2017/7/27, 48, 18, 13, 4, 4
2017/7/28, 41, 20, 20, 3, 2
2017/7/29, 35, 11, 20, 1, 
2017/7/30, 18, 17, 17, 9, 12
2017/7/31, 35, 17, 20, 5, 3
2017/8/1, 31, 11, 22, 2, 
2017/8/2, 22, 12, 20, 4, 
2017/8/3, 27, 17, 20, 4, 3
2017/8/4, 31, 22, 18, 4, 2
2017/8/5, 37, 16, 16, 2, 2
2017/8/6, 27, 19, 24, 3, 2
2017/8/7, 42, 36, 33, 2, 2
2017/8/8, 51, 19, 24, 3, 2
2017/8/9, 30, 14, 16, 2, 2
2017/8/10, 24, 14, 15, 1, 
2017/8/11, 31, 14, 17, 2, 
2017/8/12, 20, 11, 19, 1, 
2017/8/13, 23, 12, 15, 1, 
2017/8/14, 23, 12, 19, 1, 
2017/8/15, 20, 11, 19, 2, 
2017/8/16, 19, 9, 20, 2, 
2017/8/17, 21, 14, 14, 3, 2
2017/8/18, 25, 12, 17, 1, 1
2017/8/19, 23, 9, 18, 1, 
2017/8/20, 16, 14, 20, 5, 4
2017/8/21, 26, 30, 35, 9, 5
2017/8/22, 61, 25, 31, 9, 6
2017/8/23, 51, 29, 51, 10, 9
2017/8/24, 60, 36, 29, 16, 4
2017/8/25, 73, 19, 27, 8, 3
2017/8/26, 40, 16, 31, 3, 1
2017/8/27, 38, 19, 29, 7, 2
2017/8/28, 38, 31, 20, 12, 9
2017/8/29, 53, 17, 30, 4, 5
2017/8/30, 30, 9, 39, 2, 1
2017/8/31, 18, 11, 35, 1, 
2017/9/1, 24, 11, 34, 1, 
2017/9/2, 17, 11, 31, 2, 2
2017/9/3, 26, 12, 22, 6, 2
2017/9/4, 29, 13, 29, 5, 1
2017/9/5, 28, 20, 6, 7, 1
2017/9/6, 36, , , , 
2017/9/11, 43, 22, 24, 10, 8
2017/9/12, 36, 14, 32, 7, 2
2017/9/13, 24, 15, 35, 6, 1
2017/9/14, 31, 10, 27, 2, 
2017/9/15, 14, 11, 27, 4, 2
2017/9/16, 19, 12, 30, 2, 
2017/9/17, 17, 26, 30, 3, 3
2017/9/18, 33, 17, 29, 9, 5
2017/9/19, 35, 22, 25, 14, 6
2017/9/20, 45, 13, 37, 4, 1
2017/9/21, 30, 15, 27, 8, 1
2017/9/22, 29, 12, 29, 3, 1
2017/9/23, 19, 17, 33, 7, 5
2017/9/24, 41, 18, 31, 7, 3
2017/9/25, 42, 23, 38, 6, 1
2017/9/26, 51, 27, 30, 10, 5
2017/9/27, 54, 11, 23, 6, 5
2017/9/28, 29, 14, 34, 8, 3
2017/9/29, 29, 17, 33, 6, 2
2017/9/30, 35, 16, 38, 7, 3
2017/4/1, 26, 12, 40, 4, 
2017/4/2, 28, 16, 49, 9, 3
2017/4/3, 48, 17, 48, 8, 2
2017/4/4, 42, 32, 52, 19, 8
2017/4/5, 74, 33, 42, 16, 6
2017/4/6, 67, 34, 33, 16, 13
2017/4/7, 56, 24, 40, 8, 4
2017/4/8, 48, 31, 37, 9, 2
2017/4/9, 60, 14, 43, 5, 
2017/4/10, 33, 22, 40, 12, 2
2017/4/11, 35, 11, 44, 2, 
2017/4/12, 29, 15, 42, 6, 4
2017/4/13, 35, 22, 49, 14, 7
2017/4/14, 52, 31, 51, 15, 6
2017/4/15, 69, 30, 53, 15, 12
2017/4/16, 71, 30, 59, 7, 2
2017/4/17, 59, 24, 48, 5, 5
2017/4/18, 38, 14, 44, 6, 5
2017/4/19, 30, 10, 44, 4, 
2017/4/20, 26, 17, 42, 10, 3
2017/4/21, 38, 20, 52, 3, 1
2017/4/22, 53, 11, 43, 2, 1
2017/4/23, 27, 11, 40, 3, 3
2017/4/24, 26, 20, 44, 8, 7
2017/4/25, 44, 25, 32, 12, 13
2017/4/26, 47, 14, 47, 5, 3
2017/4/27, 35, 15, 45, 8, 1
2017/4/28, 39, 20, 56, 8, 5
2017/4/29, 47, 23, 63, 8, 6
2017/4/30, 54, 23, 59, 8, 1
2017/5/1, 54, 10, 40, 6, 3
2017/5/2, 25, 19, 41, 11, 14
2017/5/3, 41, 19, 42, 9, 7
2017/5/4, 44, 22, 42, 9, 8
2017/5/5, 45, 31, 36, 12, 10
2017/5/6, 54, 36, 43, 5, 3
2017/5/7, 64, 33, 48, 10, 6
2017/5/8, 56, 19, 43, 7, 11
2017/5/9, 36, 29, 36, 18, 10
2017/5/10, 58, 27, 41, 10, 7
2017/5/11, 48, 24, 56, 5, 2
2017/5/12, 59, 22, 59, 2, 1
2017/5/13, 47, 10, 47, 2, 
2017/5/14, 19, 7, 36, 2, 
2017/5/15, 16, 20, 40, 8, 5
2017/5/16, 40, 12, 36, 4, 1
2017/5/17, 25, 15, 35, 9, 5
2017/5/18, 33, 21, 45, 9, 8
2017/5/19, 47, 33, 65, 14, 10
2017/5/20, 72, 38, 86, 8, 6
2017/5/21, 85, 40, 47, 13, 9
2017/5/22, 74, 20, 38, 8, 8
2017/5/23, 55, 22, 31, 13, 18
2017/5/24, 48, 20, 32, 7, 6
2017/5/25, 44, 17, 35, 2, 
2017/5/26, 44, 11, 26, 3, 
2017/5/27, 26, 13, 38, 4, 5
2017/5/28, 27, 22, 43, 10, 10
2017/5/29, 46, 33, 50, 16, 15
2017/5/30, 69, 38, 28, 17, 12
2017/5/31, 77, 18, 42, 6, 8
2017/6/1, 29, 14, 39, 3, 
2017/6/2, 23, 9, 32, 2, 5
2017/6/3, 17, 7, 34, 1, 1
2017/6/4, 19, 10, 39, 2, 1
2017/6/5, 26, 11, 31, 5, 4
2017/6/6, 27, 20, 29, 14, 11
2017/6/7, 48, 22, 28, 14, 11
2017/6/8, 37, 13, 45, 5, 4
2017/6/9, 33, 21, 49, 6, 6
2017/6/10, 43, 11, 43, 2, 3
2017/6/11, 25, 10, 37, 3, 
2017/6/12, 24, 12, 36, 6, 2
2017/6/13, 25, 15, 40, 5, 
2017/6/14, 31, 15, 40, 5, 6
2017/6/15, 32, 21, 49, 5, 3
2017/6/16, 49, 8, 38, 2, 1
2017/6/17, 23, 12, 38, 2, 
2017/6/18, 27, 14, 32, 2, 
2017/6/19, 29, 23, 33, 7, 5
2017/6/20, 44, 40, 43, 10, 5
2017/6/21, 60, 16, 42, 6, 5
2017/6/22, 39, 23, 45, 9, 7
2017/6/23, 59, 25, 37, 10, 8
2017/6/24, 52, 19, 28, 9, 8
2017/6/25, 41, 12, 41, 6, 5
2017/6/26, 31, 14, 26, 5, 3
2017/6/27, 37, 16, 26, 4, 2
2017/6/28, 43, 26, 38, 9, 8
2017/6/29, 61, 28, 32, 17, 11
2017/6/30, 51, 20, 32, 8, 3
2017/1/2, 40, 20, 37, 5, 1
2017/1/3, 57, 19, 34, 6, 5
2017/1/4, 53, 9, 33, 2, 
2017/1/5, 27, 7, 30, 6, 
2017/1/6, 17, 11, 25, 15, 4
2017/1/7, 31, 17, 37, 4, 1
2017/1/8, 36, 7, 33, 3, 
2017/1/9, 17, 10, 32, 5, 4
2017/1/10, 30, 7, 30, 5, 
2017/1/11, 21, 6, 27, 9, 
2017/1/12, 16, 10, 25, 12, 2
2017/1/13, 23, 7, 27, 4, 
2017/1/14, 20, 7, 28, 1, 
2017/1/15, 22, 6, 29, 3, 
2017/1/16, 13, 7, 29, 8, 
2017/1/17, 25, 12, 31, 14, 2
2017/1/18, 26, 17, 36, 6, 2
2017/1/19, 45, 20, 32, 10, 1
2017/1/20, 52, 7, 33, 3, 
2017/1/21, 24, 13, 35, 5, 5
2017/1/22, 40, 9, 35, 3, 
2017/1/23, 24, 9, 33, 6, 
2017/1/24, 23, 10, 34, 6, 
2017/1/25, 25, 11, 29, 16, 5
2017/1/26, 26, 14, 31, 15, 4
2017/1/27, 39, 11, 33, 3, 
2017/1/28, 24, 14, 30, 8, 2
2017/1/29, 23, 15, 34, 8, 
2017/1/30, 28, 10, 33, 2, 
2017/1/31, 25, 11, 30, 11, 3
2017/2/1, 29, 8, 34, 4, 1
2017/2/2, 24, 10, 33, 2, 
2017/2/3, 21, 10, 35, 6, 
2017/2/4, 25, 17, 31, 10, 2
2017/2/5, 36, 12, 38, 5, 
2017/2/6, 26, 7, 37, 1, 
2017/2/7, 18, 9, 33, 5, 
2017/2/8, 18, 10, 30, 11, 
2017/2/9, 22, 7, 36, 3, 
2017/2/10, 18, 7, 35, 1, 
2017/2/11, 16, 8, 35, 2, 
2017/2/12, 20, 9, 34, 3, 2
2017/2/13, 21, 8, 35, 5, 1
2017/2/14, 21, 11, 37, 8, 
2017/2/15, 33, 20, 39, 11, 4
2017/2/16, 44, 21, 40, 15, 6
2017/2/17, 51, 8, 40, 2, 
2017/2/18, 22, 10, 37, 5, 
2017/2/19, 26, 19, 29, 16, 6
2017/2/20, 42, 9, 37, 1, 
2017/2/21, 27, 13, 37, 8, 4
2017/2/22, 31, 21, 36, 10, 4
2017/2/23, 43, 10, 40, 2, 
2017/2/24, 33, 12, 38, 7, 2
2017/2/25, 24, 10, 37, 5, 1
2017/2/26, 24, 10, 39, 2, 
2017/2/27, 23, 10, 40, 7, 
2017/2/28, 26, 16, 39, 12, 3
2017/3/1, 41, 22, 30, 11, 
2017/3/2, 49, 14, 41, 5, 
2017/3/3, 34, 18, 39, 8, 3
2017/3/4, 38, 23, 45, 9, 1
2017/3/5, 54, 32, 25, 18, 5
2017/3/6, 66, 11, 37, 3, 1
2017/3/7, 25, 12, 36, 6, 2
2017/3/8, 33, 13, 39, 13, 3
2017/3/9, 27, 12, 38, 6, 
2017/3/10, 35, 11, 38, 3, 
2017/3/11, 26, 11, 41, 6, 
2017/3/12, 25, 15, 37, 9, 
2017/3/13, 39, 14, 38, 3, 
2017/3/14, 22, 9, 35, 4, 
2017/3/15, 20, 11, 38, 3, 
2017/3/16, 27, 13, 42, 3, 
2017/3/17, 36, 22, 46, 8, 2
2017/3/18, 62, 29, 52, 7, 2
2017/3/19, 74, 28, 52, 8, 1
2017/3/20, 76, 24, 34, 16, 3
2017/3/21, 58, 16, 42, 4, 
2017/3/22, 40, 16, 40, 5, 
2017/3/23, 45, 12, 39, 3, 
2017/3/24, 37, 12, 39, 9, 1
2017/3/25, 31, 10, 37, 6, 2
2017/3/26, 18, 7, 39, 4, 
2017/3/27, 15, 16, 43, 6, 
2017/3/28, 44, 21, 46, 9, 2
2017/3/29, 61, 26, 58, 16, 5
2017/3/30, 69, 19, 49, 4, 1
2017/3/31, 51, 12, 41, 3, 
2020/1/1, , 6, 28, 1, 
2018/12/31, , 9, 28, 3, 2
2018/9/24, , 18, 27, 3, 1
2017/9/10, , 23, 26, 10, 10
2017/1/1, , 15, 21, 13, 2