date, pm25, pm10, o3, no2, so2, co, aqi
2020/1/2, 161, 96, 8, 39, 8, 15, 
2020/1/3, 168, 88, 8, 40, 8, 14, 
2020/1/4, 164, 70, 7, 34, 8, 12, 
2020/1/5, 153, 61, 9, 33, 3, 9, 
2020/1/6, 150, 39, 23, 21, 3, 4, 
2020/1/7, 83, 57, 17, 28, 3, 9, 
2020/1/8, 126, 61, 14, 29, 3, 10, 
2020/1/9, 131, 96, 16, 33, 4, 18, 
2020/1/10, 184, 32, 21, 17, 2, 4, 
2020/1/11, 70, 51, 15, 29, 4, 7, 
2020/1/12, 113, 37, 24, 24, 3, , 
2020/1/13, 98, 41, 19, 27, 3, , 
2020/1/14, 94, 78, 10, 34, 7, 5, 
2020/1/15, 157, 121, 11, 35, 5, 3, 
2020/1/16, 208, , , , , , 
2019/10/1, 116, 65, 88, 9, 6, 6, 
2019/10/2, 114, 74, 106, 9, 5, 5, 
2019/10/3, 134, 29, 30, 3, 4, 2, 
2019/10/4, 69, 19, 31, 9, 3, 1, 
2019/10/5, 45, 47, 11, 17, 4, 3, 
2019/10/6, 80, 63, 27, 13, 4, 5, 
2019/10/7, 116, 36, 26, 10, 3, 1, 
2019/10/8, 49, 55, 33, 16, 5, 4, 
2019/10/9, 89, 48, 35, 10, 5, 3, 
2019/10/10, 97, 61, 21, 16, 2, 5, 
2019/10/11, 119, 52, 8, 20, 6, 7, 
2019/10/12, 83, 50, 6, 19, 4, 9, 
2019/10/13, 77, 45, 25, 13, 1, 4, 
2019/10/14, 72, 42, 24, 17, 3, 3, 
2019/10/15, 78, 55, 12, 22, 2, 4, 
2019/10/16, 101, 50, 8, 20, 1, 6, 
2019/10/17, 126, 65, 23, 21, 2, 7, 
2019/10/18, 138, 96, 26, 33, 2, 11, 
2019/10/19, 173, 111, 30, 28, 1, 8, 
2019/10/20, 167, 60, 23, 23, 2, 4, 
2019/10/21, 80, 76, 24, 30, 4, 6, 
2019/10/22, 111, 99, 57, 29, 4, 7, 
2019/10/23, 155, 90, 12, 25, 2, 7, 
2019/10/24, 149, 25, 26, 8, 1, 1, 
2019/10/25, 53, 60, 21, 21, 5, 4, 
2019/10/26, 104, 72, 25, 28, 4, 5, 
2019/10/27, 141, 82, 31, 15, 2, 2, 
2019/10/28, 101, 78, 27, 24, 5, 4, 
2019/10/29, 122, 95, 15, 34, 5, 6, 
2019/10/30, 144, 73, 29, 25, 3, 5, 
2019/10/31, 117, 67, 14, 28, 6, 8, 
2019/11/1, 105, 47, 10, 22, 1, 3, 
2019/11/2, 83, 51, 15, 16, 2, 4, 
2019/11/3, 113, 71, 25, 21, 2, 7, 
2019/11/4, 149, 69, 22, 22, 3, 7, 
2019/11/5, 136, 67, 23, 21, 2, 4, 
2019/11/6, 124, 62, 20, 21, 3, 5, 
2019/11/7, 108, 70, 15, 25, 2, 5, 
2019/11/8, 122, 102, 10, 35, 2, 9, 
2019/11/9, 173, 72, 30, 20, 1, 5, 
2019/11/10, 117, 57, 24, 21, 2, 3, 
2019/11/11, 86, 75, 20, 30, 6, 6, 
2019/11/12, 132, 50, 24, 14, 1, 1, 
2019/11/13, 83, 55, 19, 22, 4, 1, 
2019/11/14, 90, 67, 6, 27, 5, 5, 
2019/11/15, 125, 66, 8, 23, 8, 8, 
2019/11/16, 125, 109, 16, 20, 4, 4, 
2019/11/17, 145, 54, 23, 12, 2, , 
2019/11/18, 69, 72, 18, 25, 5, , 
2019/11/19, 112, 105, 7, 35, 8, , 
2019/11/20, 162, 109, 4, 40, 8, , 
2019/11/21, 168, 126, 4, 45, 9, , 
2019/11/22, 183, 123, 20, 40, 6, , 
2019/11/23, 188, 51, 25, 9, 3, , 
2019/11/24, 72, 44, 15, 18, 3, , 
2019/11/25, 76, 73, 11, 30, 8, 7, 
2019/11/26, 143, 38, 23, 17, 5, , 
2019/11/27, 69, 64, 10, 27, 6, 1, 
2019/11/28, 126, 73, 4, 31, 7, 6, 
2019/11/29, 153, 83, 7, 23, 3, , 
2019/11/30, 170, 37, 21, 16, 3, , 
2019/12/1, 71, 31, 35, 14, 3, , 
2019/12/2, 62, 60, 12, 29, 7, , 
2019/12/3, 107, 52, 5, 31, 6, , 
2019/12/4, 115, 58, 12, 23, 6, 3, 
2019/12/5, 112, 78, 8, 28, 6, 9, 
2019/12/6, 142, 68, 14, 30, 5, 8, 
2019/12/7, 136, 107, 4, 31, 3, 15, 
2019/12/8, 191, 140, 6, 33, 4, 17, 
2019/12/9, 212, 148, 5, 40, 5, 21, 
2019/12/10, 218, 80, 25, 24, 5, 11, 
2019/12/11, 127, 51, 14, 22, 6, 6, 
2019/12/12, 94, 53, 23, 22, 5, 6, 
2019/12/13, 101, 29, 15, 21, 3, 2, 
2019/12/14, 77, 72, 2, 37, 7, 11, 
2019/12/15, 158, 61, 3, 32, 3, 10, 
2019/12/16, 154, 36, 26, 14, 2, 4, 
2019/12/17, 91, 34, 15, 21, 2, 5, 
2019/12/18, 91, 37, 24, 17, 2, 4, 
2019/12/19, 84, 38, 15, 24, 6, 5, 
2019/12/20, 81, 60, 9, 32, 5, 9, 
2019/12/21, 126, 80, 6, 37, 6, 12, 
2019/12/22, 162, 72, 9, 29, 4, 12, 
2019/12/23, 145, 81, 9, 27, 4, 13, 
2019/12/24, 166, 83, 10, 28, 4, 10, 
2019/12/25, 170, 45, 19, 22, 3, 5, 
2019/12/26, 90, 81, 9, 30, 7, 10, 
2019/12/27, 142, 91, 14, 36, 11, 16, 
2019/12/28, 162, 98, 1, 40, 8, 20, 
2019/12/29, 171, , , , , , 
2019/7/1, 51, 45, 103, 11, 5, 4, 
2019/7/2, 65, 49, 91, 15, 5, 4, 
2019/7/3, 76, 57, 115, 19, 8, 4, 
2019/7/4, 78, 44, 62, 9, 6, 4, 
2019/7/5, 77, 35, 54, 9, 6, 10, 
2019/7/6, 74, 20, 41, 7, 2, 2, 
2019/7/7, 54, 33, 66, 7, 3, 3, 
2019/7/8, 65, 58, 45, 19, 4, 4, 
2019/7/9, 100, 54, 44, 12, 4, 6, 
2019/7/10, 121, 45, 65, 14, 4, 3, 
2019/7/11, 99, 55, 101, 18, 5, 4, 
2019/7/12, 86, 71, 84, 21, 6, 6, 
2019/7/13, 133, 37, 85, 11, 5, 3, 
2019/7/14, 63, 60, 95, 11, 6, 6, 
2019/7/15, 130, 51, 85, 11, 7, 7, 
2019/7/16, 100, 46, 46, 9, 4, 4, 
2019/7/17, 117, 62, 75, 12, 4, 6, 
2019/7/18, 160, 69, 64, 14, 5, 6, 
2019/7/19, 155, 57, 35, 14, 6, 5, 
2019/7/20, 137, 70, 79, 14, 5, 7, 
2019/7/21, 164, 73, 37, 13, 4, 9, 
2019/7/22, 159, 33, 56, 4, 3, 5, 
2019/7/23, 104, 51, 74, 11, 6, 5, 
2019/7/24, 127, 34, 79, 9, 9, 4, 
2019/7/25, 71, 63, 89, 12, 9, 6, 
2019/7/26, 115, 65, 105, 15, 11, 8, 
2019/7/27, 146, 63, 84, 9, 7, 6, 
2019/7/28, 146, 43, 44, 6, 2, 4, 
2019/7/29, 68, 57, 83, 6, 3, 5, 
2019/7/30, 88, 53, 110, 11, 5, 6, 
2019/7/31, 90, 44, 99, 7, 4, 4, 
2019/8/1, 72, 47, 67, 8, 4, 5, 
2019/8/2, 84, 59, 80, 14, 4, 5, 
2019/8/3, 95, 66, 49, 10, 4, 6, 
2019/8/4, 109, 46, 46, 6, 3, 5, 
2019/8/5, 83, 63, 59, 4, 4, 4, 
2019/8/6, 105, 52, 70, 1, 3, 4, 
2019/8/7, 82, 68, 72, 3, 3, 4, 
2019/8/8, 107, 69, 57, 5, 3, 5, 
2019/8/9, 127, 55, 52, 11, 2, 4, 
2019/8/10, 92, 52, 18, 14, 2, 4, 
2019/8/11, 84, 22, 39, 7, 11, 2, 
2019/8/12, 47, 20, 42, 6, 2, 3, 
2019/8/13, 38, 40, 59, 10, 4, 4, 
2019/8/14, 64, 45, 87, 12, 5, 3, 
2019/8/15, 58, 21, 40, 6, 3, 2, 
2019/8/16, 40, 21, 40, 9, 3, 2, 
2019/8/17, 39, 42, 72, 18, 4, 4, 
2019/8/18, 53, 66, 101, 14, 6, 6, 
2019/8/19, 105, 74, 41, 8, 3, 5, 
2019/8/20, 129, 48, 49, 9, 3, 4, 
2019/8/21, 93, 38, 45, 9, 4, 3, 
2019/8/22, 56, 36, 63, 11, 4, 3, 
2019/8/23, 45, 42, 64, 10, 4, 4, 
2019/8/24, 53, 50, 73, 11, 5, 5, 
2019/8/25, 73, 92, 55, 12, 3, 7, 
2019/8/26, 164, 45, 46, 10, 1, 5, 
2019/8/27, 93, 22, 32, 5, , 1, 
2019/8/28, 29, 17, 37, 8, , 2, 
2019/8/29, 31, 16, 50, 8, 16, 8, 
2019/8/30, 33, 37, 70, 20, 7, 3, 
2019/8/31, 54, 44, 78, 15, 7, 3, 
2019/9/1, 71, 57, 107, 18, 7, 5, 
2019/9/2, 88, 66, 112, 17, 7, 5, 
2019/9/3, 117, 66, 100, 15, 3, 5, 
2019/9/4, 119, 56, 94, 17, 3, 4, 
2019/9/5, 90, 68, 115, 17, 7, 5, 
2019/9/6, 125, 65, 107, 12, 1, 5, 
2019/9/7, 113, 65, 119, 14, 2, 5, 
2019/9/8, 104, 72, 122, 12, 3, 7, 
2019/9/9, 150, 22, 40, 5, , 3, 
2019/9/10, 62, 33, 19, 11, 7, 7, 
2019/9/11, 63, 33, 36, 6, 1, 3, 
2019/9/12, 60, 41, 36, 7, 1, 3, 
2019/9/13, 87, 32, 43, 11, , 2, 
2019/9/14, 59, 51, 55, 14, 1, 3, 
2019/9/15, 74, 42, 46, 9, 2, 3, 
2019/9/16, 58, 52, 71, 10, 2, 4, 
2019/9/17, 96, 34, 35, 8, 1, 1, 
2019/9/18, 50, 50, 39, 16, 3, 4, 
2019/9/19, 74, 62, 47, 17, 2, 5, 
2019/9/20, 96, 74, 100, 16, 5, 9, 
2019/9/21, 138, 81, 93, 13, 3, 9, 
2019/9/22, 145, 64, 75, 17, 2, 6, 
2019/9/23, 109, 35, 69, 12, 2, 4, 
2019/9/24, 58, 41, 83, 13, 2, 3, 
2019/9/25, 61, 59, 89, 16, 3, 4, 
2019/9/26, 97, 58, 74, 14, 4, 5, 
2019/9/27, 106, 64, 92, 18, 4, 5, 
2019/9/28, 114, 70, 98, 15, 5, 5, 
2019/9/29, 126, 84, 92, 18, 6, 6, 
2019/9/30, 145, 65, 74, 10, 5, 4, 
2019/4/1, 65, 61, 38, 19, 6, 5, 
2019/4/2, 89, 82, 62, 23, 8, 6, 
2019/4/3, 143, 116, 77, 22, 10, 7, 
2019/4/4, 157, 246, 44, 10, 4, 3, 
2019/4/5, 98, 113, 43, 13, 5, 4, 
2019/4/6, 80, 77, 55, 20, 6, 5, 
2019/4/7, 102, 78, 33, 15, 9, 7, 
2019/4/8, 81, 41, 35, 14, 3, 4, 
2019/4/9, 67, 46, 42, 11, 4, 5, 
2019/4/10, 81, 58, 46, 12, 6, 5, 
2019/4/11, 121, 75, 50, 19, 8, 6, 
2019/4/12, 134, 94, 41, 16, 8, 6, 
2019/4/13, 153, 51, 43, 6, 7, 3, 
2019/4/14, 48, 74, 47, 15, 10, 5, 
2019/4/15, 110, 80, 68, 10, 4, 5, 
2019/4/16, 140, 93, 83, 26, 15, 11, 
2019/4/17, 155, 172, 46, 16, 8, 6, 
2019/4/18, 106, 51, 36, 6, , 3, 
2019/4/19, 63, 55, 19, 18, , 5, 
2019/4/20, 88, 99, 53, 17, 3, 8, 
2019/4/21, 129, 99, 90, 14, 4, 7, 
2019/4/22, 167, 79, 29, 5, 5, 1, 
2019/4/23, 156, 50, 20, 11, 3, 2, 
2019/4/24, 116, 25, 41, 4, 1, , 
2019/4/25, 47, 41, 45, 5, 1, , 
2019/4/26, 88, 43, 34, 9, 1, 1, 
2019/4/27, 105, 51, 42, 7, 1, 2, 
2019/4/28, 117, 99, 65, 16, 5, 8, 
2019/4/29, 176, 98, 43, 4, 2, 3, 
2019/4/30, 95, 51, 49, 7, 2, 1, 
2019/5/1, 58, 66, 66, 11, 3, 2, 
2019/5/2, 79, 93, 88, 20, 11, 5, 
2019/5/3, 142, 87, 100, 13, 9, 4, 
2019/5/4, 120, 101, 43, 8, 2, 2, 
2019/5/5, 86, 63, 47, 8, 3, 2, 12
2019/5/6, 59, 62, 51, 13, 3, 2, 7
2019/5/7, 69, 92, 57, 17, 9, 4, 
2019/5/8, 126, 90, 67, 23, 5, 4, 59
2019/5/9, 122, 85, 93, 17, 11, 5, 36
2019/5/10, 125, 74, 97, 14, 6, 5, 15
2019/5/11, 118, 162, 32, 17, 3, 5, 63
2019/5/12, 141, 143, 42, 13, 4, 2, 
2019/5/13, 98, 86, 73, 17, 10, 3, 
2019/5/14, 105, 139, 92, 26, 15, 7, 
2019/5/15, 156, 94, 67, 17, 14, 8, 
2019/5/16, 129, 104, 34, 7, 7, 6, 
2019/5/17, 167, 69, 14, 8, 4, 4, 
2019/5/18, 130, 67, 36, 7, 6, 2, 
2019/5/19, 88, 48, 39, 5, 1, 1, 
2019/5/20, 37, 55, 51, 14, 3, 2, 
2019/5/21, 55, 62, 68, 16, 3, 3, 
2019/5/22, 62, 70, 115, 17, 6, 4, 
2019/5/23, 79, 87, 76, 14, 9, 4, 
2019/5/24, 97, 99, 109, 14, 11, 6, 
2019/5/25, 123, 74, 34, 13, 5, 5, 
2019/5/26, 112, 31, 40, 5, 3, 1, 
2019/5/27, 53, 46, 54, 13, 1, 2, 
2019/5/28, 49, 72, 105, 18, 3, 3, 
2019/5/29, 81, 64, 64, 8, 7, 3, 
2019/5/30, 77, 41, 45, 11, 2, 1, 
2019/5/31, 52, 73, 73, 15, 5, 3, 
2019/6/1, 98, 87, 100, 19, 5, 5, 
2019/6/2, 127, 64, 75, 8, 2, 3, 
2019/6/3, 88, 86, 67, 11, 3, 6, 
2019/6/4, 135, 91, 49, 18, 5, 8, 
2019/6/5, 142, 68, 42, 18, 3, 6, 
2019/6/6, 124, 73, 74, 15, 4, 6, 
2019/6/7, 152, 72, 69, 13, 4, 4, 
2019/6/8, 113, 37, 43, 14, 7, 3, 
2019/6/9, 51, 65, 72, 19, 9, 4, 
2019/6/10, 82, 79, 110, 12, 8, 5, 
2019/6/11, 118, 76, 98, 14, 9, 7, 
2019/6/12, 111, 67, 74, 17, 6, 5, 
2019/6/13, 97, 72, 82, 19, 6, 5, 
2019/6/14, 108, 69, 89, 12, 8, 5, 
2019/6/15, 89, 54, 29, 11, 5, 3, 
2019/6/16, 79, 62, 80, 12, 6, 4, 
2019/6/17, 85, 85, 125, 17, 5, 6, 
2019/6/18, 150, 92, 74, 12, 7, 9, 
2019/6/19, 163, 92, 108, 18, 6, 7, 
2019/6/20, 163, 92, 72, 15, 6, 7, 
2019/6/21, 148, 53, 73, 16, 6, 2, 
2019/6/22, 69, 81, 118, 19, 10, 5, 
2019/6/23, 108, 78, 110, 16, 8, 5, 
2019/6/24, 107, 85, 109, 14, 11, 5, 
2019/6/25, 112, 79, 115, 11, 9, 5, 
2019/6/26, 116, 78, 112, 13, 9, 5, 
2019/6/27, 121, 68, 85, 13, 7, 5, 
2019/6/28, 120, 71, 59, 10, 9, 4, 
2019/6/29, 119, 38, 42, 5, 6, 1, 
2019/6/30, 39, 36, 65, 13, 6, 1, 
2019/1/1, 164, 123, 8, 39, 14, 16, 
2019/1/2, 178, 150, 2, 50, 18, 21, 
2019/1/3, 213, 89, 21, 32, 7, 10, 
2019/1/4, 122, 86, 10, 36, 7, 11, 
2019/1/5, 139, 114, 5, 42, 21, 15, 
2019/1/6, 171, 143, 5, 48, 13, 22, 
2019/1/7, 190, 75, 27, 27, 5, 9, 
2019/1/8, 106, 109, 12, 35, 14, 13, 
2019/1/9, 163, 136, 6, 42, 18, 19, 
2019/1/10, 187, 267, 5, 57, 33, 31, 
2019/1/11, 303, 460, 3, 61, 15, 39, 
2019/1/12, 421, 257, 11, 46, 6, 34, 
2019/1/13, 311, 331, 21, 50, 14, 31, 
2019/1/14, 321, 69, 29, 11, 2, 2, 
2019/1/15, 69, 98, 16, 31, 12, 11, 
2019/1/16, 156, 115, 10, 42, 16, 19, 
2019/1/17, 172, 136, 3, 52, 17, 21, 
2019/1/18, 187, 49, 21, 22, 4, 5, 
2019/1/19, 79, 44, 29, 18, 3, 3, 
2019/1/20, 78, 83, 21, 32, 17, 11, 
2019/1/21, 141, 89, 19, 39, 8, 7, 
2019/1/22, 146, 77, 15, 36, 7, 3, 
2019/1/23, 136, 77, 14, 31, 9, 7, 
2019/1/24, 148, 63, 25, 25, 4, 7, 
2019/1/25, 105, 65, 28, 29, 6, 9, 
2019/1/26, 118, 113, 8, 37, 18, 15, 
2019/1/27, 174, 104, 34, 30, 8, 10, 
2019/1/28, 154, 129, 16, 38, 19, 15, 
2019/1/29, 189, 102, 27, 23, 7, 8, 
2019/1/30, 118, 46, 23, 13, 4, 4, 
2019/1/31, 79, 100, 24, 28, 9, 10, 
2019/2/1, 159, 121, 12, 25, 7, 14, 
2019/2/2, 182, 131, 29, 19, 3, 12, 
2019/2/3, 167, 123, 32, 13, 7, 6, 
2019/2/4, 148, 237, 19, 14, 15, 9, 
2019/2/5, 242, 82, 23, 7, 5, 6, 
2019/2/6, 138, 63, 31, 4, 2, 2, 
2019/2/7, 78, 74, 28, 13, 7, 7, 
2019/2/8, 139, 34, 28, 7, 2, 2, 
2019/2/9, 64, 68, 21, 19, 7, 7, 
2019/2/10, 139, 86, 21, 24, 11, 8, 
2019/2/11, 155, 66, 23, 15, 4, , 
2019/2/12, 106, 55, 30, 17, 2, , 
2019/2/13, 109, 64, 25, 17, 4, , 
2019/2/14, 137, 53, 35, 13, 2, , 
2019/2/15, 112, 28, 36, 16, 2, , 
2019/2/16, 63, 43, 28, 21, 3, , 
2019/2/17, 80, 107, 22, 34, 14, 9, 
2019/2/18, 180, 175, 25, 18, 4, 5, 
2019/2/19, 252, 189, 35, 24, 5, 9, 
2019/2/20, 272, 205, 43, 34, 5, 20, 
2019/2/21, 279, 174, 29, 38, 6, 17, 
2019/2/22, 242, 148, 46, 41, 8, 4, 
2019/2/23, 218, 124, 33, 34, 6, , 
2019/2/24, 186, 75, 35, 29, 9, , 
2019/2/25, 141, 69, 20, 31, 6, , 
2019/2/26, 119, 96, 31, 35, 7, , 
2019/2/27, 158, 131, 49, 32, 8, , 
2019/2/28, 194, 156, 41, 40, 8, , 
2019/3/1, 217, 195, 62, 39, 10, , 
2019/3/2, 247, 142, 41, 28, 9, , 
2019/3/3, 199, 126, 42, 34, 7, , 
2019/3/4, 184, 115, 40, 37, 5, , 
2019/3/5, 143, 47, 38, 10, 1, , 
2019/3/6, 56, 64, 38, 29, 4, , 
2019/3/7, 90, 104, 37, 36, 15, , 
2019/3/8, 158, 94, 36, 31, 12, , 
2019/3/9, 157, 106, 43, 37, 5, , 
2019/3/10, 170, 67, 37, 41, 4, , 
2019/3/11, 110, 33, 36, 2, 1, , 
2019/3/12, 48, 40, 35, 13, 3, , 
2019/3/13, 55, 32, 36, 10, 2, , 
2019/3/14, 52, 51, 37, 8, 2, , 
2019/3/15, 49, 65, 32, 22, 4, , 
2019/3/16, 94, 69, 48, 25, 5, , 
2019/3/17, 92, 121, 87, 60, 16, , 
2019/3/18, 171, 120, 65, 27, 12, , 
2019/3/19, 164, 75, 45, 12, 8, , 
2019/3/20, 136, 33, 37, 5, 1, , 
2019/3/21, 51, 34, 38, 11, 1, , 
2019/3/22, 46, 39, 38, 6, 2, , 
2019/3/23, 53, 73, 36, 18, 9, , 
2019/3/24, 101, 63, 41, 19, 5, , 
2019/3/25, 98, 87, 39, 24, 7, , 
2019/3/26, 115, 109, 40, 21, 6, , 
2019/3/27, 145, 55, 33, 14, 4, , 
2019/3/28, 71, 67, 37, 14, 7, 1, 
2019/3/29, 74, 33, 36, 5, 1, 2, 
2019/3/30, 54, 44, 39, 15, 5, 3, 
2019/3/31, 71, 48, 41, 15, 3, 3, 
2018/10/1, 54, 43, 44, 12, 4, 2, 51
2018/10/2, 61, 58, 54, 18, 4, 3, 64
2018/10/3, 89, 91, 67, 28, 7, 6, 96
2018/10/4, 128, 133, 81, 29, 7, 9, 153
2018/10/5, 173, 63, 33, 11, 4, 2, 74
2018/10/6, 73, 67, 36, 20, 6, 3, 70
2018/10/7, 80, 74, 31, 25, 6, 4, 76
2018/10/8, 98, 40, 29, 4, 4, , 43
2018/10/9, 49, 40, 28, 12, 5, 2, 42
2018/10/10, 56, 51, 31, 18, 6, 2, 58
2018/10/11, 72, 102, 41, 29, 11, 6, 104
2018/10/12, 145, 126, 39, 39, 10, 8, 133
2018/10/13, 165, 195, 21, 52, 15, 10, 211
2018/10/14, 204, 237, 18, 41, 15, 12, 255
2018/10/15, 234, 99, 28, 20, 2, 8, 151
2018/10/16, 167, 82, 30, 23, 3, 8, 105
2018/10/17, 141, 81, 37, 27, 6, 5, 83
2018/10/18, 123, 96, 52, 32, 12, 4, 129
2018/10/19, 147, 111, 30, 46, 14, , 
2018/10/20, 163, 145, 15, 49, 17, , 
2018/10/21, 181, 159, 33, 32, 13, , 
2018/10/22, 185, 73, 28, 20, 4, , 
2018/10/23, 88, 104, 23, 31, 6, , 
2018/10/24, 137, 162, 4, 45, 6, , 
2018/10/25, 180, 49, 28, 9, 2, , 
2018/10/26, 57, 62, 24, 21, 4, , 
2018/10/27, 84, 41, 32, 10, 2, , 46
2018/10/28, 54, 39, 35, 15, 9, 1, 43
2018/10/29, 60, 70, 28, 25, 4, , 48
2018/10/30, 102, 88, 22, 28, 6, , 
2018/10/31, 122, 117, 37, 33, 7, , 
2018/11/1, 164, 166, 26, 49, 10, , 
2018/11/2, 200, 198, 46, 40, 12, , 
2018/11/3, 223, 124, 9, 30, 3, , 
2018/11/4, 168, 44, 27, 14, 6, , 
2018/11/5, 85, 57, 8, 14, 3, , 
2018/11/6, 92, 75, 5, 19, 5, , 
2018/11/7, 107, 110, 10, 28, 10, , 
2018/11/8, 164, 82, 26, 16, 4, , 
2018/11/9, 130, 56, 16, 17, 3, , 
2018/11/10, 74, 85, 28, 22, 5, , 
2018/11/11, 128, 150, 18, 33, 9, , 
2018/11/12, 191, 226, 16, 35, 7, , 
2018/11/13, 233, 157, 19, 24, 3, 9, 208
2018/11/14, 192, 104, 20, 18, 3, 7, 140
2018/11/15, 142, 49, 20, 13, 3, 2, 60
2018/11/16, 80, 93, 12, 26, 10, 8, 126
2018/11/17, 159, 89, 21, 22, 6, 8, 107
2018/11/18, 137, 114, 6, 38, 8, 9, 137
2018/11/19, 162, 102, 8, 36, 6, 10, 108
2018/11/20, 141, 72, 17, 22, 5, 6, 80
2018/11/21, 112, 84, 16, 28, 6, 8, 106
2018/11/22, 141, 111, 4, 36, 11, 14, 137
2018/11/23, 165, 142, 13, 40, 8, 16, 184
2018/11/24, 199, 152, 12, 47, 11, 16, 194
2018/11/25, 206, 339, 3, 68, 11, 25, 345
2018/11/26, 338, 298, 18, 31, 4, 15, 279
2018/11/27, 232, 151, 29, 30, 12, 14, 153
2018/11/28, 151, 130, 8, 32, 12, 8, 133
2018/11/29, 151, 168, 6, 43, 10, 10, 171
2018/11/30, 180, 222, 10, 47, 9, 10, 228
2018/12/1, 208, 261, 4, 50, 6, 13, 278
2018/12/2, 241, 211, 24, 19, 3, 8, 217
2018/12/3, 144, 88, 18, 20, 3, 4, 91
2018/12/4, 87, 98, 5, 25, 7, 9, 103
2018/12/5, 139, 56, 30, 11, 2, 2, 59
2018/12/6, 70, 37, 26, 9, 1, 1, 39
2018/12/7, 55, 57, 23, 23, 4, 5, 61
2018/12/8, 95, 90, 9, 35, 16, 12, 123
2018/12/9, 159, 92, 6, 40, 11, 18, 129
2018/12/10, 160, 65, 28, 24, 5, 5, 70
2018/12/11, 96, 98, 11, 38, 13, 13, 127
2018/12/12, 157, 88, 24, 32, 9, 12, 111
2018/12/13, 132, 105, 12, 42, 17, 15, 143
2018/12/14, 169, 133, 3, 51, 21, 17, 170
2018/12/15, 193, 235, 6, 72, 33, 31, 288
2018/12/16, 287, 102, 19, 44, 12, 14, 127
2018/12/17, 158, 98, 13, 47, 11, 13, 119
2018/12/18, 149, 95, 10, 49, 9, 13, 112
2018/12/19, 144, 141, 8, 49, 10, 13, 141
2018/12/20, 156, 122, 5, 50, 12, 17, 151
2018/12/21, 171, 145, 5, 56, 15, 22, 174
2018/12/22, 187, 66, 27, 10, 3, 2, 68
2018/12/23, 72, 96, 20, 28, 17, 13, 117
2018/12/24, 153, 82, 21, 26, 6, 8, 91
2018/12/25, 119, 45, 19, 18, 4, 4, 50
2018/12/26, 76, 61, 25, 10, 1, 1, 64
2018/12/27, 65, 50, 21, 18, 8, 3, 59
2018/12/28, 74, 75, 18, 30, 16, 9, 100
2018/12/29, 138, 52, 17, 29, 4, 5, 67
2018/12/30, 99, , , , , , 
2018/7/1, 104, 77, 74, 7, 3, 4, 80
2018/7/2, 100, 83, 83, 8, 3, 6, 86
2018/7/3, 113, 99, 110, 12, 5, 7, 104
2018/7/4, 132, 108, 111, 12, 5, 9, 112
2018/7/5, 134, 85, 126, 11, 4, 8, 102
2018/7/6, 115, 81, 28, 10, 3, 6, 84
2018/7/7, 126, 70, 60, 7, 2, 6, 79
2018/7/8, 117, 83, 40, 9, 2, 5, 118
2018/7/9, 129, 69, 43, 7, 2, 4, 73
2018/7/10, 96, 49, 32, 9, 2, 3, 49
2018/7/11, 79, 38, 40, 7, 2, 4, 42
2018/7/12, 79, 70, 31, 18, 2, 5, 89
2018/7/13, 131, 60, 61, 8, 2, 4, 91
2018/7/14, 136, 67, 51, 12, 2, 5, 86
2018/7/15, 138, 42, 31, 7, 2, 5, 74
2018/7/16, 102, 47, 45, 9, 6, 8, 89
2018/7/17, 96, 71, 47, 7, 2, 6, 126
2018/7/18, 163, 69, 48, 8, 2, 6, 106
2018/7/19, 152, 85, 58, 5, 3, 6, 102
2018/7/20, 155, 76, 61, 7, 3, 5, 117
2018/7/21, 151, 63, 40, 10, 2, 5, 89
2018/7/22, 109, 72, 65, 9, 4, 7, 86
2018/7/23, 131, 37, 53, 4, 3, 3, 47
2018/7/24, 68, 35, 47, 7, 2, 3, 43
2018/7/25, 64, 35, 75, 11, 2, 4, 49
2018/7/26, 59, 75, 65, 5, 3, 5, 116
2018/7/27, 144, 70, 73, 6, 3, 5, 96
2018/7/28, 132, 93, 73, 11, 3, 6, 129
2018/7/29, 159, 85, 72, 11, 2, 6, 127
2018/7/30, 146, 87, 78, 14, 4, 5, 114
2018/7/31, 140, 76, 91, 6, 3, 5, 90
2018/8/1, 141, 112, 70, 9, 3, 10, 165
2018/8/2, 191, 79, 73, 11, 4, 6, 117
2018/8/3, 145, 86, 101, 10, 5, 7, 108
2018/8/4, 149, 61, 45, 10, 4, 5, 77
2018/8/5, 112, 63, 25, 13, 4, 8, 72
2018/8/6, 97, 88, 52, 15, 3, 9, 121
2018/8/7, 163, 42, 35, 11, 3, 5, 74
2018/8/8, 108, 43, 46, 8, 3, 6, 64
2018/8/9, 85, 56, 65, 12, 3, 6, 76
2018/8/10, 104, 56, 62, 8, 3, 4, 76
2018/8/11, 109, 49, 55, 5, 3, 4, 80
2018/8/12, 111, 63, 69, 6, 2, 6, 94
2018/8/13, 132, 51, 36, 9, 3, 4, 69
2018/8/14, 112, 41, 48, 6, 3, 3, 47
2018/8/15, 58, 55, 43, 12, 3, 2, 57
2018/8/16, 53, 66, 92, 12, 5, 4, 74
2018/8/17, 80, 48, 50, 8, 4, 3, 57
2018/8/18, 71, 58, 26, 16, 4, 3, 61
2018/8/19, 75, 50, 53, 7, 3, 5, 58
2018/8/20, 83, 47, 57, 10, 4, 2, 53
2018/8/21, 69, 73, 61, 21, 4, 4, 75
2018/8/22, 88, 53, 81, 11, 3, 3, 66
2018/8/23, 74, 50, 58, 11, 3, 2, 60
2018/8/24, 60, 68, 97, 12, 5, 2, 71
2018/8/25, 90, 74, 92, 8, 5, 4, 90
2018/8/26, 112, 88, 95, 13, 6, 5, 106
2018/8/27, 131, 81, 95, 11, 6, 6, 89
2018/8/28, 120, 56, 69, 13, 4, 3, 71
2018/8/29, 89, 45, 43, 11, 4, 4, 51
2018/8/30, 72, 49, 81, 12, 4, 3, 60
2018/8/31, 65, 70, 75, 17, 6, 6, 74
2018/9/1, 100, 73, 61, 9, 4, 7, 104
2018/9/2, 132, 73, 41, 12, 4, 6, 86
2018/9/3, 118, 33, 44, 9, 4, 2, 41
2018/9/4, 45, 45, 53, 12, 4, 3, 51
2018/9/5, 52, 49, 38, 10, 5, 2, 53
2018/9/6, 67, 26, 40, 6, 3, , 31
2018/9/7, 53, 32, 44, 11, 3, , 
2018/9/8, 47, 69, 76, 16, 8, , 69
2018/9/9, 74, 90, 61, 28, 9, , 
2018/9/10, 118, 85, 82, 17, 7, , 
2018/9/11, 129, 81, 92, 16, 5, , 
2018/9/12, 135, 123, 87, 28, 6, , 
2018/9/13, 167, 142, 81, 26, 7, , 
2018/9/14, 181, 73, 27, 17, 5, , 
2018/9/15, 108, 49, 46, 18, 4, , 31
2018/9/16, 59, 52, 38, 28, 5, , 64
2018/9/17, 55, , , , , , 
2018/9/19, 114, 100, 33, 22, 6, , 64
2018/9/20, 144, 69, 39, 15, 5, 3, 77
2018/9/21, 101, 52, 37, 16, 5, 2, 54
2018/9/22, 57, 39, 33, 10, 4, 1, 43
2018/9/23, 44, 40, 37, 13, 4, 2, 47
2018/9/24, 56, 64, 38, 14, 7, 3, 70
2018/9/25, 96, 84, 44, 18, 7, 1, 113
2018/9/26, 132, , , , , , 
2018/9/28, 139, 26, 36, 9, 3, , 30
2018/9/29, 52, 32, 31, 10, 5, 1, 35
2018/9/30, 51, 35, 42, 11, 4, 1, 41
2018/4/1, 177, 150, 73, 54, 17, 18, 190
2018/4/2, 193, 99, 28, 17, 6, 6, 104
2018/4/3, 96, 36, 24, 10, 3, 4, 40
2018/4/4, 68, 58, 17, 12, 2, 6, 70
2018/4/5, 116, 42, 35, 2, 1, 2, 45
2018/4/6, 51, 36, 37, 9, 4, 3, 41
2018/4/7, 53, 64, 35, 24, 7, 7, 70
2018/4/8, 98, 87, 42, 28, 13, 10, 97
2018/4/9, 142, 95, 35, 18, 7, 9, 105
2018/4/10, 112, 51, 40, 19, 7, 4, 54
2018/4/11, 68, 75, 38, 21, 9, 5, 81
2018/4/12, 93, 61, 23, 16, 3, 6, 68
2018/4/13, 92, 64, 41, 3, 1, 2, 65
2018/4/14, 61, 65, 42, 13, 3, 4, 68
2018/4/15, 67, 98, 56, 28, 13, 6, 101
2018/4/16, 142, 101, 54, 16, 8, 7, 106
2018/4/17, 139, 100, 62, 22, 7, 9, 123
2018/4/18, 154, 115, 52, 31, 5, 10, 141
2018/4/19, 172, 97, 96, 21, 6, 9, 130
2018/4/20, 164, 68, 27, 19, 2, 9, 95
2018/4/21, 120, 51, 29, 6, , 3, 56
2018/4/22, 61, 39, 37, 15, 1, 11, 45
2018/4/23, 73, 54, 43, 16, 1, 11, 62
2018/4/24, 71, 97, 56, 20, 4, 6, 99
2018/4/25, 90, 120, 57, 24, 9, 7, 155
2018/4/26, 170, 126, 25, 23, 4, , 
2018/4/27, 128, 180, 84, 22, 10, , 
2018/4/28, 165, 137, 63, 21, 12, 4, 166
2018/4/29, 149, 71, 48, 9, 3, 5, 74
2018/4/30, 80, 159, 32, 13, 2, 4, 155
2018/5/1, 99, 76, 43, 7, 1, 3, 63
2018/5/2, 55, 45, 37, 14, 2, 3, 38
2018/5/3, 46, 76, 70, 22, 12, 2, 55
2018/5/4, 111, 207, 33, 20, 4, 2, 204
2018/5/5, 125, 107, 53, 15, 4, 2, 110
2018/5/6, 84, 89, 61, 18, 7, , 
2018/5/7, 106, 54, 55, 13, 3, , 69
2018/5/8, 71, 63, 67, 18, 10, 1, 62
2018/5/9, 84, 104, 70, 18, 10, , 
2018/5/10, 157, 86, 50, 17, 6, , 
2018/5/11, 140, 101, 58, 23, 8, , 
2018/5/12, 152, 74, 67, 18, 4, , 
2018/5/13, 95, 114, 73, 20, 5, , 
2018/5/14, 165, 87, 33, 11, 5, , 
2018/5/15, 147, 98, 46, 9, 2, , 
2018/5/16, 159, 74, 30, 11, 3, 4, 67
2018/5/17, 108, 60, 58, 15, 3, 7, 68
2018/5/18, 81, 61, 57, 11, 4, 6, 62
2018/5/19, 90, 46, 42, 6, 1, 4, 48
2018/5/20, 81, 59, 28, 12, 1, 6, 66
2018/5/21, 105, 70, 38, 9, 2, 3, 75
2018/5/22, 78, 126, 49, 15, 5, 4, 130
2018/5/23, 72, 89, 80, 13, 11, 6, 91
2018/5/24, 113, 92, 64, 12, 8, 6, 94
2018/5/25, 115, 124, 47, 14, 10, 9, 135
2018/5/26, 158, 101, 45, 14, 10, 3, 103
2018/5/27, 73, 110, 39, 12, 3, 3, 113
2018/5/28, 68, 47, 46, 12, 3, 3, 52
2018/5/29, 50, 49, 64, 13, 4, 4, 60
2018/5/30, 56, 79, 90, 24, 5, 5, 88
2018/5/31, 80, 74, 87, 21, 5, 4, 84
2018/6/1, 70, 100, 107, 21, 10, 7, 107
2018/6/2, 111, 97, 57, 11, 6, 5, 98
2018/6/3, 111, 83, 62, 10, 3, 4, 86
2018/6/4, 72, 96, 81, 12, 8, 4, 98
2018/6/5, 76, 107, 95, 15, 8, 5, 111
2018/6/6, 90, 65, 59, 6, 3, 4, 66
2018/6/7, 70, 62, 50, 13, 2, 4, 65
2018/6/8, 54, 39, 37, 8, 3, 3, 46
2018/6/9, 60, 60, 56, 8, 2, 5, 63
2018/6/10, 83, 76, 56, 11, 3, 5, 78
2018/6/11, 108, 101, 80, 14, 4, 7, 125
2018/6/12, 174, 66, 39, 9, 3, 8, 76
2018/6/13, 106, 60, 64, 12, 3, 6, 63
2018/6/14, 72, 100, 78, 12, 5, 11, 107
2018/6/15, 139, 110, 59, 16, 4, 8, 112
2018/6/16, 144, 88, 48, 14, 2, 7, 91
2018/6/17, 117, 113, 84, 15, 4, 7, 116
2018/6/18, 152, 77, 76, 10, 4, 7, 79
2018/6/19, 101, 68, 56, 11, 3, 6, 73
2018/6/20, 87, 100, 114, 17, 7, 11, 111
2018/6/21, 115, 101, 78, 19, 5, 7, 104
2018/6/22, 121, 99, 135, 17, 6, 7, 117
2018/6/23, 119, 92, 111, 10, 5, 5, 100
2018/6/24, 112, 111, 76, 14, 5, 6, 115
2018/6/25, 125, 146, 103, 10, 4, 10, 165
2018/6/26, 184, 92, 81, 10, 3, 5, 103
2018/6/27, 116, 32, 62, 9, 2, 3, 44
2018/6/28, 40, 65, 90, 14, 4, 3, 76
2018/6/29, 55, 73, 107, 16, 4, 4, 86
2018/6/30, 72, 79, 95, 8, 4, 6, 83
2018/1/1, 111, 66, 4, 29, 13, , 97
2018/1/2, 131, 38, 17, 16, 8, , 47
2018/1/3, 78, 39, 9, 23, 9, , 60
2018/1/4, 90, 95, 1, 34, 19, , 149
2018/1/5, 167, , , , , , 107
2018/1/17, 170, 139, 3, 50, 21, , 188
2018/1/18, 201, 148, 7, 55, 24, , 206
2018/1/19, 220, 102, 5, 39, 17, , 136
2018/1/20, 162, 53, 11, 18, 13, , 67
2018/1/21, 102, 68, 10, 19, 9, , 103
2018/1/22, 130, 39, 22, 9, 6, , 39
2018/1/23, 75, 60, 18, 26, 11, , 97
2018/1/24, 132, 50, 19, 25, 11, , 63
2018/1/25, 100, 57, 14, 27, 10, , 89
2018/1/26, 119, 90, 8, 33, 16, , 123
2018/1/27, 169, 53, 23, 15, 8, , 62
2018/1/28, 96, 58, 22, 19, 10, , 73
2018/1/29, 106, 65, 20, 28, 13, 1, 87
2018/1/30, 129, 48, 22, 18, 9, , 58
2018/1/31, 88, 71, 19, 28, 13, , 101
2018/2/1, 128, 32, 27, 6, 5, , 35
2018/2/2, 52, 37, 22, 18, 9, , 45
2018/2/3, 79, 45, 21, 21, 9, , 51
2018/2/4, 88, 34, 21, 14, 6, 2, 46
2018/2/5, 72, 76, 15, 31, 18, 12, 114
2018/2/6, 144, 61, 30, 19, 11, 7, 73
2018/2/7, 93, 74, 21, 26, 17, 11, 94
2018/2/8, 130, 78, 23, 22, 12, 11, 104
2018/2/9, 126, 41, 25, 11, 8, 4, 43
2018/2/10, 69, 48, 29, 13, 7, 4, 54
2018/2/11, 76, 55, 28, 17, 10, 9, 77
2018/2/12, 105, 87, 26, 24, 17, 13, 132
2018/2/13, 165, 58, 29, 14, 9, 6, 73
2018/2/14, 94, 142, 31, 18, 20, 9, 171
2018/2/15, 190, 191, 32, 19, 37, 12, 164
2018/2/16, 212, 87, 21, 14, 15, 14, 126
2018/2/17, 165, 115, 38, 20, 14, 18, 158
2018/2/18, 191, 115, 23, 18, 12, 17, 161
2018/2/19, 189, 99, 32, 17, 7, 12, 143
2018/2/20, 165, 91, 34, 19, 9, 13, 128
2018/2/21, 146, 59, 31, 19, 6, 9, 82
2018/2/22, 105, 50, 26, 18, 5, 7, 54
2018/2/23, 88, 48, 27, 8, 5, 5, 51
2018/2/24, 78, 73, 27, 19, 11, 10, 102
2018/2/25, 134, 113, 50, 34, 24, 32, 171
2018/2/26, 183, 133, 24, 30, 9, 16, 180
2018/2/27, 195, 95, 29, 18, 9, 10, 120
2018/2/28, 156, 45, 32, 8, 4, 3, 50
2018/3/1, 70, 115, 32, 23, 17, 10, 157
2018/3/2, 181, 146, 20, 37, 16, 18, 195
2018/3/3, 205, 109, 19, 21, 7, 10, 123
2018/3/4, 137, 68, 26, 18, 12, 9, 78
2018/3/5, 106, 57, 22, 19, 6, 7, 71
2018/3/6, 105, 60, 25, 17, 6, 7, 73
2018/3/7, 104, 70, 29, 25, 7, 9, 105
2018/3/8, 137, 95, 33, 31, 12, 13, 127
2018/3/9, 167, 107, 37, 40, 11, 14, 136
2018/3/10, 174, 65, 24, 24, 10, 12, 88
2018/3/11, 124, 119, 35, 39, 11, 18, 162
2018/3/12, 187, 188, 75, 46, 12, 20, 243
2018/3/13, 240, 170, 32, 40, 15, 19, 207
2018/3/14, 216, 104, 33, 8, 4, 5, 107
2018/3/15, 83, 51, 34, 13, 6, 5, 54
2018/3/16, 77, 65, 12, 20, 4, 7, 90
2018/3/17, 127, 120, 22, 21, 5, 9, 148
2018/3/18, 164, 87, 34, 20, 5, 10, 117
2018/3/19, 148, 46, 26, 15, 4, 5, 56
2018/3/20, 88, 64, 30, 21, 8, 6, 79
2018/3/21, 121, 82, 37, 25, 8, 7, 114
2018/3/22, 156, 105, 26, 31, 9, 10, 141
2018/3/23, 164, 103, 40, 30, 8, 12, 134
2018/3/24, 156, 76, 47, 25, 9, 7, 96
2018/3/25, 137, 105, 50, 24, 18, 10, 142
2018/3/26, 166, 135, 49, 38, 15, 12, 170
2018/3/27, 188, 341, 49, 28, 7, 13, 244
2018/3/28, 158, 78, 34, 21, 7, 6, 77
2018/3/29, 77, 59, 37, 24, 5, 5, 62
2018/3/30, 89, 109, 49, 48, 11, 10, 137
2018/3/31, 166, 129, 72, 60, 14, 12, 161
2017/10/21, 74, 31, 14, 21, 5, , 85
2017/10/22, 69, 65, 14, 28, 5, , 36
2017/10/23, 104, 66, 22, 30, 6, , 82
2017/10/24, 150, 82, 7, 34, 5, , 99
2017/10/25, 168, 87, 12, 33, 6, , 125
2017/10/26, 174, 91, 21, 27, 6, , 145
2017/10/27, 173, 79, 19, 19, 5, , 142
2017/10/28, 74, 37, 22, 15, 4, , 89
2017/10/29, 31, 50, 11, 31, 7, , 42
2017/10/30, 84, 65, 9, 37, 10, , 59
2017/10/31, 145, 71, 12, 40, 8, , 108
2017/11/1, 142, 67, 18, 35, 8, , 101
2017/11/2, 135, 42, 22, 21, 5, , 99
2017/11/3, 85, 51, 18, 29, 8, , 57
2017/11/4, 106, 85, 15, 37, 9, , 72
2017/11/5, 172, 102, 16, 43, 8, , 129
2017/11/6, 193, 94, 17, 36, 7, , 174
2017/11/7, 174, 47, 3, 29, 7, , 155
2017/11/8, 96, 80, 4, 32, 8, , 71
2017/11/9, 141, 53, 19, 8, 4, , 114
2017/11/10, 55, 38, 14, 18, 7, , 63
2017/11/11, 71, 76, 3, 34, 9, , 58
2017/11/12, 159, 73, 18, 21, 6, , 118
2017/11/13, 119, 40, 13, 17, 7, , 99
2017/11/14, 77, 46, 17, 22, 6, , 51
2017/11/15, 96, 70, 13, 32, 12, , 74
2017/11/16, 148, 84, 21, 17, 6, , 109
2017/11/17, 90, 60, 20, 15, 9, , 99
2017/11/18, 116, 94, 7, 31, 16, , 89
2017/11/19, 180, 112, 10, 44, 14, , 161
2017/11/20, 219, 133, 2, 48, 21, , 212
2017/11/21, 258, 30, 15, 7, 6, , 257
2017/11/22, 32, 58, 17, 4, 4, , 30
2017/11/23, 49, 51, 13, 19, 10, , 
2017/11/24, 86, 80, 9, 31, 16, , 67
2017/11/25, 169, 53, 17, 17, 7, , 137
2017/11/26, 85, 82, 3, 33, 17, , 74
2017/11/27, 173, 74, 18, 21, 7, , 128
2017/11/28, 102, 45, 15, 17, 6, , 105
2017/11/29, 64, 58, 7, 29, 9, , 61
2017/11/30, 121, 101, 11, 35, 19, , 93
2017/12/1, 207, 145, 6, 48, 25, , 205
2017/12/2, 311, 54, 15, 24, 8, , 300
2017/12/3, 140, 36, 20, 12, 6, , 165
2017/12/4, 70, 66, 15, 25, 16, , 48
2017/12/5, 127, 88, 8, 32, 30, , 90
2017/12/6, 156, 49, 15, 20, 9, , 123
2017/12/7, 89, 42, 14, 18, 15, , 65
2017/12/8, 95, 87, 6, 38, 19, , 71
2017/12/9, 148, 27, 22, 13, 5, , 118
2017/12/10, 58, 30, 16, 16, 5, , 40
2017/12/11, 60, 31, 15, 19, 5, , 37
2017/12/12, 68, 55, 5, 29, 10, , 40
2017/12/13, 117, 86, 4, 35, 17, , 90
2017/12/14, 164, 88, 16, 26, 8, , 117
2017/12/15, 149, 34, 24, 15, 5, , 123
2017/12/16, 72, 63, 13, 31, 16, , 39
2017/12/17, 132, 56, 18, 22, 11, , 100
2017/12/18, 106, 67, 13, 24, 14, , 80
2017/12/19, 109, 59, 17, 27, 12, , 77
2017/12/20, 121, 90, 7, 41, 23, , 89
2017/12/21, 165, 83, 10, 38, 17, , 129
2017/12/22, 159, 73, 1, 38, 14, , 121
2017/12/23, 135, 51, 26, 12, 8, , 90
2017/12/24, 80, 52, 18, 24, 11, , 64
2017/12/25, 96, 56, 17, 27, 9, , 68
2017/12/26, 109, 78, 6, 30, 12, , 75
2017/12/27, 157, 111, 2, 37, 11, , 116
2017/12/28, 179, 138, , 36, 8, , 146
2017/12/29, 198, 221, 1, 45, 13, , 188
2017/12/30, 273, 143, 7, 39, 13, , 278
2017/12/31, 198, 62, 6, 28, 12, , 186
2020/1/1, , 91, 6, 33, 9, 9, 
2018/12/31, , 102, 8, 36, 10, 11, 
2018/9/18, , 91, 30, 17, 5, , 
2018/9/27, , 83, 43, 9, 5, , 
2018/1/16, , 109, 3, 39, 17, , 138
2017/10/20, , 43, 7, 23, 5, , 96
2018/1/6, , , , , , , 168
2018/1/7, , , , , , , 50
2018/1/8, , , , , , , 72
2018/1/9, , , , , , , 28
2018/1/10, , , , , , , 67
2018/1/11, , , , , , , 164
2018/1/12, , , , , , , 197
2018/1/13, , , , , , , 220
2018/1/14, , , , , , , 96
2018/1/15, , , , , , , 106
2017/10/1, , , , , , , 119
2017/10/2, , , , , , , 41
2017/10/3, , , , , , , 53
2017/10/4, , , , , , , 67
2017/10/5, , , , , , , 86
2017/10/6, , , , , , , 87
2017/10/7, , , , , , , 121
2017/10/8, , , , , , , 96
2017/10/9, , , , , , , 32
2017/10/10, , , , , , , 17
2017/10/11, , , , , , , 29
2017/10/12, , , , , , , 46
2017/10/13, , , , , , , 75
2017/10/14, , , , , , , 36
2017/10/15, , , , , , , 68
2017/10/16, , , , , , , 89
2017/10/17, , , , , , , 88
2017/10/18, , , , , , , 80
2017/10/19, , , , , , , 77
2017/7/1, , , , , , , 106
2017/7/2, , , , , , , 112
2017/7/3, , , , , , , 88
2017/7/4, , , , , , , 53
2017/7/5, , , , , , , 126
2017/7/6, , , , , , , 102
2017/7/7, , , , , , , 75
2017/7/8, , , , , , , 71
2017/7/9, , , , , , , 134
2017/7/10, , , , , , , 50
2017/7/11, , , , , , , 82
2017/7/12, , , , , , , 108
2017/7/13, , , , , , , 81
2017/7/14, , , , , , , 94
2017/7/15, , , , , , , 83
2017/7/16, , , , , , , 90
2017/7/17, , , , , , , 92
2017/7/18, , , , , , , 104
2017/7/19, , , , , , , 107
2017/7/20, , , , , , , 132
2017/7/21, , , , , , , 58
2017/7/22, , , , , , , 54
2017/7/23, , , , , , , 107
2017/7/24, , , , , , , 103
2017/7/25, , , , , , , 52
2017/7/26, , , , , , , 61
2017/7/27, , , , , , , 85
2017/7/28, , , , , , , 57
2017/7/29, , , , , , , 51
2017/7/30, , , , , , , 55
2017/7/31, , , , , , , 101
2017/8/1, , , , , , , 106
2017/8/2, , , , , , , 74
2017/8/5, , , , , , , 73
2017/8/6, , , , , , , 42
2017/8/7, , , , , , , 36
2017/8/8, , , , , , , 59
2017/8/9, , , , , , , 42
2017/8/10, , , , , , , 87
2017/8/11, , , , , , , 117
2017/8/12, , , , , , , 52
2017/8/13, , , , , , , 63
2017/8/14, , , , , , , 43
2017/8/15, , , , , , , 80
2017/8/16, , , , , , , 76
2017/8/17, , , , , , , 47
2017/8/18, , , , , , , 70
2017/8/19, , , , , , , 52
2017/8/20, , , , , , , 83
2017/8/21, , , , , , , 106
2017/8/22, , , , , , , 100
2017/8/23, , , , , , , 79
2017/8/24, , , , , , , 29
2017/8/25, , , , , , , 28
2017/8/27, , , , , , , 35
2017/8/28, , , , , , , 31
2017/8/29, , , , , , , 32
2017/8/30, , , , , , , 52
2017/8/31, , , , , , , 96
2017/9/1, , , , , , , 127
2017/9/2, , , , , , , 101
2017/9/3, , , , , , , 85
2017/9/4, , , , , , , 99
2017/9/5, , , , , , , 89
2017/9/6, , , , , , , 123
2017/9/11, , , , , , , 34
2017/9/12, , , , , , , 51
2017/9/13, , , , , , , 143
2017/9/14, , , , , , , 70
2017/9/15, , , , , , , 82
2017/9/16, , , , , , , 101
2017/9/17, , , , , , , 37
2017/9/18, , , , , , , 43
2017/9/19, , , , , , , 32
2017/9/20, , , , , , , 42
2017/9/21, , , , , , , 101
2017/9/22, , , , , , , 58
2017/9/23, , , , , , , 70
2017/9/24, , , , , , , 105
2017/9/25, , , , , , , 106
2017/9/26, , , , , , , 36
2017/9/27, , , , , , , 51
2017/9/28, , , , , , , 52
2017/9/29, , , , , , , 76
2017/9/30, , , , , , , 155
2017/4/1, , , , , , , 51
2017/4/2, , , , , , , 106
2017/4/3, , , , , , , 134
2017/4/4, , , , , , , 121
2017/4/5, , , , , , , 80
2017/4/6, , , , , , , 111
2017/4/7, , , , , , , 112
2017/4/8, , , , , , , 126
2017/4/9, , , , , , , 88
2017/4/10, , , , , , , 75
2017/4/11, , , , , , , 84
2017/4/12, , , , , , , 72
2017/4/13, , , , , , , 86
2017/4/14, , , , , , , 70
2017/4/15, , , , , , , 66
2017/4/16, , , , , , , 103
2017/4/17, , , , , , , 173
2017/4/18, , , , , , , 60
2017/4/19, , , , , , , 83
2017/4/20, , , , , , , 81
2017/4/21, , , , , , , 54
2017/4/22, , , , , , , 83
2017/4/23, , , , , , , 57
2017/4/24, , , , , , , 77
2017/4/25, , , , , , , 56
2017/4/26, , , , , , , 57
2017/4/27, , , , , , , 53
2017/4/28, , , , , , , 66
2017/4/29, , , , , , , 95
2017/4/30, , , , , , , 100
2017/5/1, , , , , , , 79
2017/5/2, , , , , , , 90
2017/5/3, , , , , , , 104
2017/5/4, , , , , , , 204
2017/5/5, , , , , , , 263
2017/5/6, , , , , , , 184
2017/5/7, , , , , , , 124
2017/5/8, , , , , , , 105
2017/5/9, , , , , , , 63
2017/5/10, , , , , , , 76
2017/5/11, , , , , , , 86
2017/5/12, , , , , , , 81
2017/5/13, , , , , , , 69
2017/5/14, , , , , , , 55
2017/5/15, , , , , , , 59
2017/5/16, , , , , , , 72
2017/5/17, , , , , , , 107
2017/5/18, , , , , , , 133
2017/5/19, , , , , , , 124
2017/5/20, , , , , , , 97
2017/5/21, , , , , , , 97
2017/5/22, , , , , , , 75
2017/5/23, , , , , , , 53
2017/5/24, , , , , , , 49
2017/5/25, , , , , , , 49
2017/5/26, , , , , , , 60
2017/5/27, , , , , , , 106
2017/5/28, , , , , , , 141
2017/5/29, , , , , , , 66
2017/5/30, , , , , , , 74
2017/5/31, , , , , , , 101
2017/6/1, , , , , , , 76
2017/6/2, , , , , , , 44
2017/6/3, , , , , , , 52
2017/6/4, , , , , , , 91
2017/6/5, , , , , , , 108
2017/6/6, , , , , , , 43
2017/6/7, , , , , , , 83
2017/6/8, , , , , , , 52
2017/6/9, , , , , , , 61
2017/6/10, , , , , , , 44
2017/6/11, , , , , , , 67
2017/6/12, , , , , , , 86
2017/6/13, , , , , , , 48
2017/6/14, , , , , , , 76
2017/6/15, , , , , , , 80
2017/6/16, , , , , , , 115
2017/6/17, , , , , , , 129
2017/6/18, , , , , , , 109
2017/6/19, , , , , , , 106
2017/6/20, , , , , , , 61
2017/6/21, , , , , , , 91
2017/6/22, , , , , , , 67
2017/6/23, , , , , , , 61
2017/6/24, , , , , , , 32
2017/6/25, , , , , , , 58
2017/6/26, , , , , , , 45
2017/6/27, , , , , , , 110
2017/6/28, , , , , , , 111
2017/6/29, , , , , , , 73
2017/6/30, , , , , , , 95
2017/1/2, , , , , , , 261
2017/1/3, , , , , , , 295
2017/1/4, , , , , , , 283
2017/1/5, , , , , , , 168
2017/1/6, , , , , , , 204
2017/1/7, , , , , , , 186
2017/1/8, , , , , , , 115
2017/1/9, , , , , , , 105
2017/1/10, , , , , , , 111
2017/1/11, , , , , , , 186
2017/1/12, , , , , , , 191
2017/1/13, , , , , , , 58
2017/1/14, , , , , , , 54
2017/1/15, , , , , , , 68
2017/1/16, , , , , , , 89
2017/1/17, , , , , , , 131
2017/1/18, , , , , , , 117
2017/1/19, , , , , , , 87
2017/1/20, , , , , , , 58
2017/1/21, , , , , , , 86
2017/1/22, , , , , , , 95
2017/1/23, , , , , , , 86
2017/1/24, , , , , , , 117
2017/1/25, , , , , , , 212
2017/1/26, , , , , , , 190
2017/1/27, , , , , , , 112
2017/1/28, , , , , , , 322
2017/1/29, , , , , , , 74
2017/1/30, , , , , , , 70
2017/1/31, , , , , , , 118
2017/2/1, , , , , , , 70
2017/2/2, , , , , , , 169
2017/2/3, , , , , , , 240
2017/2/4, , , , , , , 296
2017/2/5, , , , , , , 166
2017/2/6, , , , , , , 44
2017/2/7, , , , , , , 92
2017/2/8, , , , , , , 62
2017/2/9, , , , , , , 32
2017/2/10, , , , , , , 42
2017/2/11, , , , , , , 145
2017/2/12, , , , , , , 182
2017/2/13, , , , , , , 129
2017/2/14, , , , , , , 166
2017/2/15, , , , , , , 204
2017/2/16, , , , , , , 122
2017/2/17, , , , , , , 64
2017/2/18, , , , , , , 127
2017/2/19, , , , , , , 137
2017/2/20, , , , , , , 42
2017/2/21, , , , , , , 95
2017/3/18, , , , , , , 148
2017/3/19, , , , , , , 180
2017/3/20, , , , , , , 116
2017/3/21, , , , , , , 72
2017/3/22, , , , , , , 136
2017/3/23, , , , , , , 128
2017/3/24, , , , , , , 36
2017/3/25, , , , , , , 58
2017/3/26, , , , , , , 36
2017/3/27, , , , , , , 35
2017/3/28, , , , , , , 64
2017/3/29, , , , , , , 110
2017/3/30, , , , , , , 106
2017/3/31, , , , , , , 64